id,country
a5a7f96f-5800-4fb6-861d-6d00a3cc738b,CA
e5977b56-17c8-4809-a1d8-3d82743d86a2,MX
d4627e80-e4bf-40a6-aa6f-bb17d9017aaf,MX
250fe26e-f2df-447d-8115-1dca216d099b,MX
9a1aecd8-441e-4ba0-81d8-7a5eb6e262e2,US
19602657-8f35-4bfa-877f-83a81c819e02,MX
ecfaf06f-57b3-44c7-a725-4f6dd0722597,MX
3d4fa470-87f8-48e5-a0a1-dedbc5ab4be0,CA
5c475de4-6cec-4db1-9fcf-4efcdbf41896,MX
48d8e270-05b8-4aee-935d-e319db3758a6,MX
92c20c31-8885-4b1c-8967-15dffcc9db60,CA
5eb6cbf5-f067-4938-bf68-73b990e968cd,MX
e2985be1-e1dd-41b6-8fa8-a633018d1042,CA
5ebddf97-625f-4b11-ae4a-71d1ac194233,CA
f45aceba-2cb4-4c5d-819d-8b87f721e470,US
7f999f50-b83d-4164-a8ec-42342664f236,MX
73c5672c-a7e4-4f8d-93cb-dacd7e92da43,MX
17f00d08-8fde-4277-a180-997004fdca70,MX
6f0e93d9-7c8c-4675-8b9c-26616cc6c56a,MX
6d17b1e1-90f6-45bf-bc6b-ed53cdab7e44,CA
7c58c196-c677-48d3-a453-2489c2cda161,CA
b1faea92-bec1-435f-8501-28815a084aa2,US
7666e139-10a2-412d-bb1e-92941f37aaf6,CA
1952ddb0-92f8-4c43-8c41-b351b8c68415,MX
2d3679a1-6e22-4983-aca5-4fcb03a3c3a4,US
e45a8c36-5720-4125-88b8-10e4c745fad4,MX
a2eb4bb8-73ba-4bda-acd9-9767b3cd4ce2,MX
68127416-c14a-48a3-b3f1-b94f756ed1b7,US
f8365c8c-8729-4059-96a8-33f3dacf22e6,CA
870bae5d-34e3-4b6b-9ee9-729f32f07fba,MX
8587c3ee-0433-4186-8b97-5c6bc58a9e2b,MX
e7e76b01-1444-422c-8cbe-6564709077d3,US
dbe303fd-fccc-4427-a79b-cedf7b144b29,MX
ae9ade7b-f661-4c96-9710-6f6cc7dec607,US
2120ef93-c008-47db-8aae-2a8e0287c8fc,MX
c1d63866-29cd-460e-b441-20953fdfea06,CA
dd089d7c-9761-4d7c-aaa4-67bbd062f57d,US
e97f7bfa-0dd0-4eaf-8743-afc7ff9dcbe7,CA
4304050d-7608-4b59-a026-b4052958716c,MX
ed90ddbc-234e-4593-8d0a-2e182e06e95e,US
b4b143ae-03bd-471a-b13d-c3a4ac715e8b,MX
0f4d0ba4-2a0f-477e-8ee7-8c89dec9f1aa,US
61ab84cb-8057-44d0-9310-90c1dfc8ad41,CA
c0498837-f61d-4fae-a696-73b445403d7b,CA
7c445530-5978-4e42-82de-e7d78c5fa215,US
f66e731e-46ea-4031-ba41-d7f767c5b83e,US
47e93f94-335c-4cdd-8f30-bff60e300b8a,US
5992bd87-4b16-42f3-850a-2cf2597a3876,CA
d9b2c002-6bc6-4ce4-aa96-59e1e849a485,MX
7b061cd3-f125-4513-bd08-7a6defc625a0,MX
7abb75de-9d38-4e3c-b39c-9d6d2a9fdbc3,MX
c99cecd6-8ccc-4f62-b110-1c0c1e0d8ebe,US
fe3b2536-814a-4037-8824-dc5085552fcd,MX
0074a273-a740-4b3b-be3c-47cb5a619bb9,CA
c5cadf5f-9bbf-48dc-96c0-8236eede938d,CA
a3db18ce-d7de-4c3c-86a1-60fd06fe6f60,CA
2a557545-6fbd-4884-aae6-f32c9382116d,US
6a0ee743-fe18-42da-9542-af7b791f0146,MX
71292ec6-d993-4fed-9d44-53c246518020,CA
18c404da-c564-4649-ab41-0ce7474d66b9,MX
1e25acc2-4f57-44ef-9d90-89c5b5c079d8,US
4fbffd44-8825-4263-954d-d677c5bb38ff,CA
fcd1574e-91ff-4273-82a0-01f9db877991,MX
7bfd9640-59f3-444c-806f-91b079d823df,US
a7d95361-7519-404a-ad78-1760fec15659,MX
be1802e7-5a25-4d5c-9e5d-ee773409e9e2,CA
6095ad64-4533-4515-8453-2bcbb13205d9,CA
c8ce4633-254a-4383-8939-cb90fe17f36d,MX
cab7d0ad-c8c1-4aae-9bbd-48b383d1963d,US
03fa024d-5a4a-4b01-bddd-90d57db21a5d,MX
d8234ea8-5d55-4c7d-bb3f-9afc8a2d3f61,US
29508e52-268e-4558-bf39-025afe10622a,US
5dde0c83-8fd9-45ba-af4b-8673dea004bc,MX
ca2d3159-48f0-44f6-bc55-f2ef23a853f3,MX
1f5e986d-5b86-4303-ae69-88130011603e,MX
fd3fd383-fe79-401b-8729-23714b0adda9,MX
07de3df3-90cc-431d-82fa-c7f77087444c,MX
6ba3dad4-2dfd-4717-a9d3-e5c7b010c6fd,US
6a56574f-dda5-4ae5-9bdd-89bb6e8f0de1,CA
c242c6b8-277c-41b0-9281-d673abd0d68c,CA
55d850bf-f3c2-44a3-bd6b-a80c6e6ef9b7,US
e7026155-530c-49ce-9e8b-2c8db6f9a4ac,CA
e0ba6ef9-1444-41f5-ba3e-a2ed05d50198,US
a49ba323-32aa-428a-9113-e6fd93d01c64,MX
01e420d8-02e2-4a46-a8b7-b3b0021d83dd,US
2b0a9b36-e351-4563-a22a-6facbc0acbb9,CA
d4cd7234-e31b-45ca-9362-566dbf049eb1,CA
970df0d3-9805-4a91-954f-afb5f618c7ca,CA
c82872b1-65ce-4bb4-814b-7883f3cdb46d,US
1d215eb5-7dbe-498d-b227-b0f3f10c6ff9,MX
1541dcd3-ef77-4b39-9ca7-5f21ed302531,CA
7148fa1b-aae4-4fcf-9ff6-0699374cf610,CA
a12fbc04-caf0-438f-9c38-06d4bac00e6a,MX
fd87dc81-22d8-458a-9199-ed4e73d430a2,US
5e25ace4-b6c0-4ff0-9719-f27938e55cc4,MX
c3be2897-921c-4e67-9311-5b20d9c271d6,CA
f9c20ca9-98c8-4f0c-9ea2-fc4cc8e8e801,CA
ef871d3c-6e61-47c8-8188-90b5f1fbc183,MX
5d995734-84dc-4260-bae5-812dd61df136,US
3dea4ea6-6638-45c9-af96-35c8624a2ff0,MX
f38e452f-a852-4b4e-b5b8-b5c427bff077,US
3d2366b4-ab3c-4392-bcae-659805e35aad,US
dbdce88d-e44b-419d-94ca-d6bcd473ce5e,MX
2d198257-2f18-4862-80c8-c8b61adcc83b,MX
ae676a91-56b7-4b64-855c-40c8f28a8d88,US
3980b75c-5562-4734-a185-949777d055ca,CA
84c2e783-d9a4-4521-89a0-43ac710af5ba,US
7e9e1e7d-294b-4f64-9bf4-60ec93fb0085,US
58268b90-9404-4e00-8840-3b4acc5d1685,MX
66c1ec14-035a-464f-a2b8-67b091f0072b,CA
e3bce0f4-8196-4d48-884d-bcd089524008,CA
072a99c9-0fd5-455a-b6c2-d797cb51bd9f,US
6dfb14b3-35c0-4931-915e-cbd87e3a9fa9,US
75f69197-7e9b-40cc-9fbb-2fb0fe84e325,MX
3966c199-6969-47da-b722-406c6f053c93,MX
a8ba8ddd-b3d7-4fad-a22a-d58cb40be1ed,US
6b3e8f05-3c54-4e32-83a0-8360e482ae3f,MX
4be1d8ec-e600-4e3f-9ced-3427c3c5f7df,MX
44c51fea-1263-4213-a5e3-c07966a7449b,CA
1948b6ac-ec4a-4b19-9922-f25abdeb727d,CA
c1ae0445-a9b1-405a-b7e0-a27e9ed77049,US
afa6c5f7-5169-4b3e-8aa6-c34595231447,US
d6df6aaf-b605-48bb-85de-5b1bda29a96f,CA
d5023343-b7bf-4d84-a73c-df0601868ecf,CA
c78f5283-accb-4ceb-9df1-c2919c217018,US
57014025-30e9-4f8f-a1a5-6f45baca8bdd,US
890f3808-bd58-404b-9b2b-971664d42cdc,MX
6ed04050-3cd8-4781-bcec-afef7b659999,MX
46bfe2b0-09ca-4260-8f9c-bf2ca4508c9a,CA
3c107b1e-659e-4a67-b7f7-20db548eae83,US
37e75c5b-78df-4b3d-9e3b-cf0a2fe91f61,MX
d290bcf0-ba8d-441a-9646-340352a0d748,MX
89b398fc-890f-4789-8f70-e5ef36ecf94c,CA
d2c2e282-b4f2-4d44-8c09-70b5d3f4f2c3,US
8e2ad48b-2ea4-4e7f-8b2c-07078ca9d52f,MX
8ed604df-7b4b-4a3a-8747-63f9909bc6bb,CA
ca439a0f-980c-4ef7-ac0e-e29b3cbc4afb,US
f1e5ad43-b2cf-4836-af44-45567e81e7e4,US
fc3045a3-4bcc-46f6-8dc9-226e9419df8c,CA
f77b4ac5-d3b2-4c35-89df-63f3dfe4e579,MX
42bba65a-b996-49f5-8e18-160f8e89a331,MX
c4e51454-f1b9-441e-aed6-f64e24decf7a,US
2cf0e06c-5861-47d3-986e-6c402efce2a2,US
4f02a4f9-d6f4-45d7-a509-f4bb313343d1,CA
c428ff5f-48f0-420c-9e95-bc8b546be04e,MX
4bcd4160-d22a-45b0-aa5c-22b980255cae,US
61ac74a0-ebeb-4c7e-ab04-414cec8f780a,CA
8f00fb99-6a86-4c03-ad6e-92a4914deb39,US
59705e65-84ca-4fa7-8014-02e0988aefb9,MX
74b29227-4429-4e5a-b953-2c1a420c356c,US
4473c378-0b70-4151-b455-98c8f7df4cd7,MX
00cf57c9-745c-42df-b4e8-800288f8562c,CA
9c5fa3d3-74a3-4a0d-a63c-15396fb5b60e,MX
2a4b5090-0b8b-4c88-94d2-4a818511999a,US
580f90b8-5a7b-441e-bd84-f703e86bca4c,US
0b2b1e5d-ed7b-41a3-b1ac-5590a9c152c6,US
cd1689a5-fbc7-4d50-83d8-4fba541e8337,US
3c437828-7c0e-46b7-ba42-301b14932310,MX
cfd74c4d-2719-4681-b8fd-bc693a5f7be7,US
9f8673a7-caed-4cfc-b757-5c1fb8f52f52,US
644d3f6e-8bde-4c16-be3a-7b2b2e86a05f,US
afa6369a-be00-4a7a-b048-e09df92c3aad,CA
27b72ffd-06c2-4f34-8213-5e0974efb647,MX
7d20a51d-d54a-4149-b283-2e145d691bcc,CA
28626311-a55c-4c6d-be8e-6491ef716e55,US
51b2fe64-b7b4-49aa-abfe-be2af0a3f4a3,US
72dc29b0-8cbc-4a3e-855e-f87e1ba381c3,US
55ea71cc-0bc6-4d5a-918f-f18b062e4efb,CA
7cbf2b92-d5ac-4d81-9ab0-1dc769d6b88d,CA
dd018e45-900a-4954-a3e6-f8fc2cf3de65,CA
6cd2feed-0260-4f52-89c6-4f5eb6019458,CA
c19d80d8-f639-4a93-8c8f-3e22a277b3e4,US
65b3f1c3-7ef5-4a69-8416-3345b8e4267f,US
1f3650bd-9939-422e-97f6-3a7898bddab6,US
3e3225e1-ffb6-4be6-93a0-677e735865b4,MX
d00b27a7-b6be-4e08-ab82-9d3c22007ae5,MX
cc053cb3-fdfe-4bbe-9ed9-3c6b1bb09d00,MX
0102c905-df4f-460d-a012-bc0a8abec127,CA
d05740d4-96b6-434c-bada-e2f600578d66,CA
08c4ce49-d150-429f-ba26-7aafec533fc6,MX
1b726550-75dc-4d25-995c-ea1d198dedaa,MX
be22f453-085a-4132-9496-f8e0302a1d0e,US
9cfc85df-6841-4d6e-85ef-5d38bfdc33e8,US
7764bf20-732c-4827-973d-2c1788fc2604,CA
2b825150-9517-4188-a7ca-b7d9f619038d,CA
8afbc98c-2d3e-4a59-8b4c-fe9a63dd9ee9,MX
279887ef-dfd5-4eec-b55d-63cf7ea403b3,CA
eec4e5d5-0167-49fa-8974-600c9ad0ef40,MX
728a07f4-9679-462a-b79e-1008707b27d8,MX
cd90c354-fcda-4955-9996-8fcfe14e6d29,US
cc16f112-79db-4275-a2a8-a8292ebcb2a0,MX
ce8119ab-9dce-46f5-9cdf-7ddb5e249828,MX
92f46aab-a381-4731-b5a6-748198e7d316,MX
f0c3acb3-da34-4603-b8e6-3c299813dcd2,US
f2dcd904-b83b-49d5-a20f-7a3e7c1b7fd5,CA
cc112194-41e8-49d4-ab22-4cd627ba1d1a,CA
763bad56-6e16-4e1b-8de9-6861aed2f258,US
ec9f2f75-7d12-4cfb-9d12-4f7d5a4dcc9e,CA
2c05e229-7687-4d8f-badb-4f55f60e6c79,MX
625f33da-0e19-4332-9756-94447fa8c236,MX
08375028-e06b-498f-a9a1-0f2f114b84b7,CA
5bcfdb3e-0e6c-424b-b830-6c080ed8528a,CA
7d8dac98-9014-44ee-91ca-a5e7b19d6d10,US
7971a671-3687-4961-bf02-e4a17fd78578,MX
1168d824-938f-4163-80a3-49eaf09e7a49,US
8e304412-126c-48f8-bd4e-2eb874a51778,MX
a49f601c-8027-4818-b563-1efe2a3335f9,US
020356e4-9f36-43b3-a7e0-8fdedb3975f9,MX
ba986a53-99de-4a5d-a68b-b5dfccf8fa93,CA
565e0fe6-e9e8-4933-af38-db08818404c5,MX
9b9857ef-6f2a-49ad-b521-577dee5a9ccc,US
cfbd3c42-2585-40e6-83b6-47456f8e1293,US
636e958e-c1dd-4682-bbea-0df8ceeee6af,CA
9725156f-9fa8-4603-b497-7ecd1891c624,CA
dc7abf14-2913-4750-9d3f-0272275e66f4,CA
7bb24a27-5de4-4433-8bd7-018bacd45e3f,US
2d51c83d-3c54-4b11-8fa8-a391b342a880,US
677601ee-73d7-4291-8748-766160f0945e,MX
f0b9495c-2daa-48a6-96dd-9fbcce3d4a40,US
c9cf57d2-496a-4ea4-9d7c-a23e3c17692e,CA
e41049e6-c7b5-4360-b75b-89b8f91d0f2e,US
d29c18f0-d1f3-451f-8fdb-9f52c6586842,US
87603919-9631-4fbe-b42f-c39febf33fc4,MX
7f9fbe69-9914-4905-896e-7bcd47614f36,CA
f37ea0b2-a8f3-4482-803d-faf92559ba5e,MX
db9df089-4f79-473d-922e-7fb6ac236182,CA
0af94342-0c6c-4669-8114-6d164bb9209c,US
c1a5be9a-ed37-4efa-93ac-29d5955643ae,CA
1bfcd994-5b9a-442a-9635-8ba0b69b9e5d,US
4411bc69-dabc-4e4b-b6a4-4ef2ea8592a6,US
e64dbe68-7981-4809-aedb-99d5ef6b75d5,CA
ef895f3d-8628-4226-8e82-37b211e5fd3e,MX
099b0fbd-c421-40ed-a12b-ddfff47e2f97,US
1e258173-121b-4544-8f56-26d69103c8fd,MX
a6e1db28-6f1a-49f5-9aea-e1258087d56f,CA
86979dd2-1951-481a-b56a-41dbba5cd0d8,MX
0c0e84f7-6672-4aaf-8c68-60091dc76731,CA
73c754a3-61be-4ab3-bddf-7044f43a80d6,CA
445057b3-ca26-49b0-a335-c0a84bc766b8,MX
841d1545-b66e-4cd3-a307-b7de1aacc087,MX
80319163-1af2-4bb2-bea2-5f3ab414076c,MX
ea3e1ee6-c95a-489e-a54a-a1f402fd284b,MX
15633c5c-5c43-47a5-871a-7f2293d0425a,US
7818c89b-1cd2-4a6d-a715-5d11a27c42a5,MX
8c12afbf-47ab-4ab2-878c-25da388f8c9e,CA
d37bfcae-7d92-4783-a1cf-6cf2f9556606,MX
7b94beb0-b5b5-42f8-8f4b-7dbbbe8c55f5,CA
d123fe92-acaf-4feb-a3a7-ab59bfbf3efe,MX
08fdb1c4-5009-4f77-9bac-ef0622c8b1ae,MX
e5dd6af5-01c3-4dca-b558-692fae2eea3a,MX
605ebf7b-faa2-45f2-81d7-6851c274c291,MX
0601ea23-5778-4fad-83f8-ee00ce3dde02,US
20c64784-448b-4245-ba6e-3bcc0c0bbbe9,MX
f89718c9-e434-4a58-ab2f-17f54220f8b6,US
438c8103-e594-43a0-a044-2515319e1ce0,US
e8e1831f-1082-43cd-95f9-510d772c61ff,MX
31284848-11d3-4391-9d3c-1b2a36ce1e6e,US
0cfd4968-c21a-4c49-a68d-70724f8ed2c4,CA
31b84735-9789-4a23-bb49-e3fe362d09f2,MX
9ec80608-8a15-44f0-b594-17dc9cfe4bdb,CA
e2f8a13d-4fef-4803-a1cf-5403d9c0ca27,CA
8bd8f5d5-fb89-4fef-8568-653c49d0383c,US
33cd9e0f-3af1-4ad1-9966-98fdea5f2aa4,US
16946462-848a-49fd-b40b-e0a3dd582426,US
724e1e18-bdcd-4d1b-9ed5-e1b82b38efad,MX
7a79f2ff-8901-476c-9c05-061c77418ee1,US
8b4c79fc-71b2-40b6-9d00-cf77327ad6e0,MX
488ac767-f0b5-40af-b64c-dde18c44c026,MX
c71a32b9-51f1-4f6f-95b4-a885f79db26e,US
44735333-b992-486b-987d-ba470e80c27b,CA
13ca5a2c-41e2-4e37-9ce5-b196a6220617,US
d787cacd-6ce5-4306-aefe-0107d046f8b4,CA
e09590c6-89e0-4611-899a-ba898ddfffed,MX
dd9c7f88-0efa-44f6-8356-f5a049e508c9,US
f9590c89-813a-4ee2-8019-107106f457dc,US
2b258c67-825b-410d-af4a-c2d680ae6274,US
4be3fd87-e1d5-4643-805e-18be00d13be2,US
6be898e0-674e-4533-b92c-943a0988cf2b,MX
052f8256-6ed4-44ba-b070-b9fd723f9eea,MX
a70954ed-a920-41ac-9899-c3f37167a250,US
ff4822fe-fd36-4511-950a-d9a2f50ebc8b,CA
cfd733b5-86f7-45cc-837e-1a4bc8285e53,MX
4f490750-25c1-4f58-90fa-79a0a34a27ae,MX
48c5af48-2877-4dbb-b9fe-24bc2393895e,US
c375db3c-a7d1-4a74-9a7b-70dcc56e4182,US
61fc9f66-b62c-42b3-8e86-956cc8a468ed,MX
8174345f-d61a-44f9-93ce-8f94c7b8c475,US
b745b5a6-1304-468c-8963-9f7dfe462794,MX
efed5e42-7666-4c63-8961-3d80bb293574,CA
236f783b-bc13-4fb2-b165-add5e32814a5,US
b61dda06-cbfb-458a-9b5f-2925a365d408,MX
512982d9-f0ae-4a16-ba02-473d51704844,US
18a6efe9-4277-4741-9261-ffed1ec98806,CA
c0c151de-acf3-45de-8ded-b2c582bbe626,MX
4452a831-1bd2-4f6d-af42-97f2cafd8960,CA
5e114357-706d-4217-8801-7caaf6c7b051,CA
a20e303a-23ba-4e04-aa6a-763085f325ae,MX
57ab23bf-c4f0-46a2-acb2-c2a189345466,CA
f8216ce6-0a5f-41fb-bc2d-745b7149cfa3,MX
71c6a2e7-c7c8-4d79-be51-a6cb39d78d02,MX
342698e2-6b22-4b3b-be25-5d7b0bf86c3f,US
3eb9d378-f813-4f48-8170-875a3e88ad8b,MX
825f39b2-8a06-48ee-8cc3-2764c532bcc4,US
a6506c1d-75e3-4825-a397-4897408bca22,US
ed665772-20e9-42c8-b178-5420d4d5aec3,CA
bf53570a-0b3f-4c07-93b3-a52fd14c85fa,MX
1f7decda-138e-4568-bdc7-8e3972060253,CA
3811dbe2-4980-49b7-86cf-2930d2c3e523,US
72181bba-15d0-4373-8440-d4fb4e0e2ff5,CA
db89e509-ff6f-48cc-9761-578fdfdfd12b,US
629c1d5f-2886-4c98-8547-af1ccd25283e,CA
6f815c7f-6355-49b8-8db4-6fdaf0a1b39f,MX
4f66efc6-d976-4fa6-8794-13e0f8a065fc,US
814a0603-c0d0-4125-a4f9-5bf0d3d70ded,US
f977f6be-d3c4-4761-8465-3850ef317e28,US
338c085a-a7cb-4074-9c35-ba78bdadcc01,CA
94d52a8d-e760-4b41-81db-db663b360624,US
abf4cfb1-defa-4b83-a07b-6dfc61d8ec23,MX
4a7eac2a-7314-46f6-8d6e-98fa1aac68af,US
ceb5cd15-842e-437f-9bd5-c30b4ec3075c,CA
55372c55-4633-42d7-9ac3-26ec2f0c9d32,US
7f27b64d-0767-42e4-b804-e2ed85c2ac69,US
683892a1-a7ee-4ef0-8ce8-63d5697e23ab,MX
8359a246-d0f9-4cf4-a32b-d384a177a7f9,CA
8036481a-a04c-42ff-96c8-cf2a6d6d331d,CA
6fe55e71-db53-49e0-94c8-e9b06c514366,CA
0e9c966e-adf8-412a-bd86-93971ee5cff7,MX
41d05160-615e-4c53-9ed7-1f4d20903aae,US
fecae7ca-9b4c-4465-9dbc-a06e678fda7b,CA
e55163e9-a164-464e-824f-45f5b1d191b9,MX
30657bec-b73c-43a8-8d9a-1ba7e821e5ef,MX
e4e924af-0406-40d0-9bda-8256bcf1cb00,MX
98703406-535d-4785-a5ec-1a2457b516f3,US
635f863e-c3b5-4618-9e69-f88101b1701d,CA
5de1a889-c65f-4750-9879-38b5709c23e2,CA
32aadd47-0bc2-467a-b7ae-2fef0465cd0a,CA
bc61262a-a809-454e-9761-c732d0e716cc,US
101f0837-dd2d-49ee-9693-f2179a372258,MX
7b26c182-97e3-44c0-8536-2e6ded7581f4,CA
75edcd1b-9163-40d4-9431-98afa23bbf4a,US
532bdef3-0684-4695-b9b6-c7e5c8d9c757,US
3262bd35-3ef6-4461-a496-84a442076d08,MX
d088a01e-ad6a-456c-83a5-0a6faf82b88e,CA
003fb93b-d9e8-427c-afad-81d749ca4b8d,MX
fb83b3ee-6143-4317-8272-286e86ae37de,MX
37e92ee8-79fb-4340-bdc4-de4f504a20cd,CA
789c80bb-571c-4f90-ae53-99b6735e24db,CA
22f74e09-7e10-4115-a711-bdfd330b022a,MX
a887ad4b-44c2-4ad3-a986-139a67b0535b,MX
8b117b9c-9d40-4fdb-b1b2-8e857f084436,US
240b9fc2-b5f1-4809-80a5-db535d55aa58,CA
ea07bae2-7c86-4db2-a5bf-0735319dc0c4,US
c4e4ed04-8874-4a30-ba33-f764e213d185,CA
52ff2e92-4212-4f9b-bab8-144ca8d788bf,CA
0c1f0bcd-9430-40b4-acf7-eb0218845ca1,US
d877be23-3424-4bb3-99bb-9e117f03afa1,CA
b3ed51d9-8dbd-4e46-bfd3-b31217e8a033,CA
cf9f1eb8-beb8-4711-bf51-7d5a3e930690,MX
1552dac7-de00-4b29-899f-db188edd6fa1,US
4024f4f1-6a72-4d94-8154-dc7f591b3836,CA
faf9cfd3-e2bb-411a-814a-c5fa9b8848b0,MX
f8b4aca0-d15d-4d6e-81e3-7420dacc3902,US
a942fc7a-e2e8-43d9-9e34-a27c18d51f51,CA
c34f52ab-8f5e-4abd-b191-3a4d3dce6a15,MX
8add8c18-3d8d-40df-ad08-4357d71da22e,US
887846a3-10c5-4739-b28b-54275eefb483,MX
53204496-91ad-4d29-979e-cba480aba798,US
45ddc9e1-2465-44f5-89da-4e5f9d74ee57,US
6a42f905-5407-44b4-b532-f234ea283aff,MX
d9d1e06e-f99b-46f5-bd18-f7bbdf0b77c8,MX
867655e7-17a5-4506-ad3a-33e8fe9205f5,MX
1f287cb5-d509-45b0-8b6e-c0e8b21795ae,CA
7ab7ab55-05fc-4b6a-9f86-ab2158c9ebbe,MX
cdf63c95-a3f9-48cb-852d-2825ddafacc8,CA
abebfb46-6db9-4595-81f8-71a84c4cdc62,MX
c43401b2-f8dd-4a5e-9f2f-794e50cc4c57,US
ece127d4-50bd-42ba-926d-ec34bb7ceec8,CA
bf3b72a8-91b2-4cf2-a36a-349f134b02d9,CA
7897ced1-6c3e-4fb9-97f9-464ada3606ea,US
a6a46b8e-0d7f-4b28-803f-984258d984a0,US
d3230947-7c1f-4ca4-b201-0ad491db10e6,US
2abd11a7-7f82-4c57-89f7-969ee98df6c4,CA
e00f405f-ac14-4862-b4a1-1455e956a18d,US
4041cffe-e02e-4c28-99dc-335b76a01206,CA
881406a0-14ae-4cfe-a066-6a181331701b,CA
aaa635ce-463f-45cf-8448-0f4c6f4956a2,US
6d14a22c-e9c8-4373-8140-50ef2da41c3b,US
ee7c2ac8-baaa-47b1-9ba5-2157210bbb9a,MX
f825e34b-43db-46ff-a823-a440822203a8,CA
96001053-7a42-46b5-a4dc-7cceb9563119,CA
6760b891-c39b-4008-ab36-220af1289c0b,US
3e801ab1-f9db-4d36-ab8d-93470775c771,MX
0f07e22c-b5d6-4645-8bd0-0f72adfd44ec,US
95938a5d-1552-4947-aea5-8a2ce080c1c6,CA
3f8eb672-d034-4600-89df-a0a25a756c21,US
77d52f92-361a-4996-9d72-9090f5cb671f,CA
06ea0a9b-48ae-446c-adec-c3caa810f712,CA
afc62374-1f67-4d59-b031-c45d4e848d1d,US
32d3773a-a5bc-4388-9119-a985af65f28c,MX
b6719b94-3eaf-460a-8314-9921903b529b,MX
29899380-a32f-423c-ad16-40a55e1ff4c5,MX
107e4093-6c33-44ba-a442-bea955912dcd,MX
45271ab4-6d53-4675-b42a-8df5b5acc1c0,US
525433fb-69a9-4464-949b-971bfef5d6a3,US
47fe7f69-d0ba-48ba-8201-09e23f99adf7,MX
1c1238e3-b368-46b6-b4b8-76dee2d54755,MX
903ad5dc-111b-4c52-8519-8bb578e4d463,CA
df911d7c-485a-488c-bb5b-335bed2d06ea,CA
ef27d136-a870-4af9-94c7-3bd6c8f5eff4,US
6e868875-1a8c-4cde-bd37-ca6e65f1ffd0,CA
1b6bb3c9-7e40-48e4-95e4-23c30532b9d5,US
0b74c6c6-4e0b-4ea0-936d-fe88ca06931a,MX
f45e0d44-b001-458d-8fff-47ee6a67c89c,US
6c658fcc-e0a5-4215-90cc-d818fc9df3c0,MX
d80e41f1-b8aa-4d14-a79a-cf6a3a5888d4,MX
fc66c435-99e1-4c2b-abcc-86164971eb77,CA
87b2e6ba-498c-4156-9374-3031f9a900a6,US
cd3834ae-e7af-4e5d-bfc0-eaeab8701ec7,CA
9a84e815-f194-4481-8432-ec5b4038901f,US
35906691-1a09-417f-9f3a-eb623602c39a,MX
92a1361c-1b2f-4ec6-9367-9c80e28311e2,MX
bcce67bf-61bf-4686-a71d-42c11b48a72f,CA
d0461868-49f9-4c2d-874c-817ff15bc474,CA
d2cf179f-b23f-49f0-a5f3-1e0b882086e4,CA
c3c59d21-6c21-4827-88f3-7cfa81c3d0e3,CA
53493124-f119-4a6d-8ddd-62130a699891,MX
9263e68b-649f-44aa-bce9-ff3ca2e94f33,CA
5273bb10-2344-489d-8ff3-62e9c98d26a1,CA
df05b402-3fcc-46ae-8917-1285bdf7e4b4,CA
4f9a29e2-abf7-4c82-ba97-74639a2a22f3,MX
ed9e3f41-5031-4876-aade-667887057489,MX
de65ff64-b405-4104-8101-87b0db771299,CA
b488a780-bddb-4e95-b154-6100db70d668,CA
1b60e2c0-ac15-4b61-bf44-631d7a8d1b59,US
67939b23-88e4-4944-9773-ddb288a4f537,US
a9940d48-8419-4143-8057-341fd387e1a3,US
a56d8437-cbd9-4a72-8091-fe8d3553822f,MX
6411436c-76a9-4e2e-ae60-eae6497179b6,MX
5e6606e4-8431-4bc3-829f-ac9b44b8043c,CA
e118656d-81b8-47fd-ae0b-e353a4970271,US
28f7f292-9d51-4728-b944-da35687a390c,CA
bdfa5389-03de-4526-856b-38ad828dc759,MX
b742f4a5-75dd-48aa-bfd7-c2ac6c854505,MX
9bb2b9d4-16ef-4c3c-8bd4-5cb82ed1be69,US
3b8efc59-4ccf-43aa-a083-5815465cd607,US
6054d676-f27d-40f0-ada1-75b3a2b5fdeb,US
de917d4d-dadc-45b6-a2c0-771edccdd60c,US
17eaca60-8383-4a94-899e-cceb41e2f665,US
ac96550a-d979-49da-b8fc-1a126c4ab14f,US
10d869f1-f0cf-4d74-b350-d9c48223671d,US
0aad1ca7-bb62-4e31-8689-caee313c56fa,CA
c8512d1f-fcb2-4594-9638-cc8d35f68c55,CA
add62c40-2182-48fd-bff0-58d881f33268,CA
2e0de23e-2fce-49b7-9c78-5510ef3ac053,US
f350f610-dd5e-4464-84f3-b32ef27d2c42,CA
11be8c10-4e7c-49d4-bebc-4eb0033943dd,US
df9cd117-89c3-4f33-a032-00707b0b321e,US
97e843c0-5a97-4353-8d77-6d6c2ce9706b,CA
fc9b46ce-1d00-4da4-8e03-ac0f2f692857,US
c6fe5ea8-b334-4bcd-a404-c01b597d7104,CA
96f84f93-4d75-45f4-bb2e-fb2588a683a2,CA
dee77d97-d8ce-4b8c-bf21-a05c575601db,CA
59e586af-13cb-4e16-a208-d7f233e32291,MX
1b29eddf-1ebf-4945-a3b5-0270e923a472,CA
24ffbe4c-2d8d-482e-a374-ba4a90757503,US
61cc826b-6464-49c7-9862-8f0c26ba936c,US
b39c14cb-8aa2-4155-bf44-10206ff322c9,CA
cb631c7b-7ff5-4a49-b327-a6690ec02036,US
2f3113bd-059b-4943-9e06-383e8c11587b,MX
4e7d3a85-6be6-449c-9271-5536e4341c8c,CA
21ce20ab-6f9b-4401-8764-63a672b32d2d,US
05d8bbdc-6538-4cc5-b82d-b7ca3c071b48,CA
98203eef-1f48-465b-a7a3-46f529b893dd,US
02b97524-208a-4796-b264-26d20eb797b4,CA
b7a75147-f4b8-4f17-963b-c49515e781f5,MX
9880be34-5176-4bee-be38-2b3bdaf1ff7a,MX
f4a76a25-3a8a-4ca7-adb4-605c055e2a34,US
5faa1799-999f-4950-9d49-67866582b118,MX
505e2b63-b337-44d2-8629-0404f29c56d6,CA
a3e3c1aa-b27c-4764-9bd4-67e77c7a74ac,MX
eaff589e-3082-4ddc-a4aa-6476cb721ef2,MX
d8f17e66-e571-4d12-ac84-7dff961ab540,MX
b0646953-30f1-43f7-833b-b1bff7aec783,MX
fcdaaeb1-4682-4ed9-bfeb-7b0f18f6e546,US
c605bc80-f2af-4c09-a61e-14ba2af9dc23,US
ad478070-3c46-4a28-8fa3-0e50d87a1f79,US
44e364c7-8566-4c49-964a-f8bea03fe651,MX
2b19eef1-bc6f-466b-9bdb-078ca395f717,MX
36ef7480-110d-4040-8a65-86a391b3077e,MX
497b3b3a-f7db-4e03-bc2c-c30ad841cdc9,MX
3689be79-5a3f-4bf4-b645-ba1d2089a338,MX
32162cc3-e731-4f32-bd2c-55512ee4c917,MX
71d9d6d3-b727-44f2-b2ff-889c5382df90,US
6f0c3ccf-b025-4679-91fc-3e7f592f2692,MX
cd1eed57-352b-4e86-abf6-69f1e801eac3,CA
d2a34866-d197-4595-82c3-25054aa890c5,MX
ba3a2f95-45b3-497b-bbea-3e7ec68f27f3,US
aa45f9d3-53e8-42e2-844b-396bcf20db75,CA
e4502ae0-83be-4116-8d28-c02862ca4af8,CA
361fe503-0459-4634-9f0f-bd8dcfef578a,US
e1c2e51a-f897-4cd2-b1ba-4e537fb3651b,MX
e3c210fe-dc48-4781-b0ca-2c822b855c55,CA
c54f824f-3373-40e8-a406-7cf25c919e68,MX
11744145-823a-4919-b1c1-b4275e54a4ec,CA
0994dc66-7218-4ff8-a0f1-d327bf2a7d59,MX
387e19fe-791a-49a4-99af-e0cfdba3e5ce,US
36074207-e378-4f6c-8214-b768648ea690,CA
b17b718b-db88-4321-a73c-23c8859e8b3c,US
3936fee7-3fc6-43ad-a81a-7aed95e08391,US
78f99479-1c84-4bde-b721-af3c080dc226,US
91e2eab7-0b1a-4219-9b88-7e127738c911,MX
d17bec7c-b08b-44db-b0c2-c4d24e7c9843,MX
a5db7b8c-3b23-4954-8c12-d8412b596d84,CA
d0f8c4c9-8e6e-4d81-b262-c524bb78f1a7,US
b72bb687-a610-45aa-a3e8-ea50e9b96482,MX
328c9ac1-62f3-4f5e-95c0-b3dc311d6bfd,US
accf9f2a-147c-41cf-92e2-6ad848258322,CA
eaa3bb37-30c8-4cd1-a331-0ebd397b6335,US
5f1f3954-698f-4c7d-a0c4-1b86408ab022,CA
fa537cce-5da8-4e44-b44a-aa0fef9bd60a,MX
6e96b260-98ad-4be3-b3b0-8b31791c0dd7,US
6832205d-30d8-42d5-9f04-6531539c8a92,US
07e1653f-3c06-42dd-88f5-51fa3c773f2b,CA
bb32f40b-26d0-41bd-9131-70f7fc9a1565,MX
d4822275-b477-44b1-9580-ef0e06d3d02d,US
403aef76-e384-42fc-8d52-970f2026a656,MX
9906e62a-6536-4290-ba05-bf1c8e298441,CA
3102ab86-18ad-4637-a501-1a8abac2d367,MX
817e2c65-7247-44ae-b037-6a95c6881618,US
9fb49974-784b-41e8-935a-d88f6ffa8297,US
d108f27c-d666-41be-9df8-14320c2344ff,CA
6b56a835-0bcc-462e-a707-2f0b2d15f262,CA
374a0abd-0258-425b-8349-f46024e35dc3,US
90aac8f4-aed5-472c-9250-c892f04d480c,CA
6bbc28bd-49b8-424d-89c5-4239d5147e4e,US
e3faca21-ae3d-4b2e-9858-2e614525c0b9,US
0cb2e0a1-d522-4d92-a3c7-ab2aeb31414a,MX
fda66e58-6fbd-417d-9b90-356b2205f7ef,MX
1a1d4cde-ffc4-46ba-b30a-aa5788b17648,CA
e12e49b9-d50d-40a0-881e-e05945f6fc1b,CA
fd2c1042-29be-417b-b0ef-df44204fd24c,MX
2a933017-bc46-40a9-bb15-5a565bbecc24,US
7362a4e3-67c0-480f-b1a1-c894992c78e1,MX
9300144b-5e7f-4a51-a311-033373002aaf,US
aa5897ed-500f-4c3d-83cb-3ae27fae6d6a,MX
cf93dd8a-5b14-4d19-8263-7190989c83b9,CA
8b82ad52-17a4-4146-81a9-e46663bc5827,MX
83f0c148-e8e9-4b3f-b99a-2f3d1586a0ae,CA
4fd65c81-6080-4ba8-91a8-741f5ee2f65d,MX
c3bad25e-9dd9-429f-a731-d628e40902fb,US
286536f3-adca-4621-876d-641c638ed876,CA
c076a6c6-680b-47a2-a222-9218860e41c3,US
30e62fbf-32bd-4051-a9ff-5c7cf84ed6ae,CA
767ca732-6260-4b92-95ae-6f7bdb2d5a3a,CA
f53296a8-b77d-4b9e-8851-15aefe7d586a,US
5cc4b5bc-9f4e-47ac-9db1-7e723984ec0d,CA
ae5e5b66-5924-4261-bc67-b31b05729b23,MX
a73856ee-ceb7-482d-bc61-3d13b63b2d81,CA
f965bdad-8c2d-466d-8d28-afde458900e1,US
45bfedfb-4144-44ff-9fc9-e4bcfbc39fc1,US
cc4ee7eb-78df-406a-964c-d58d88a95bb5,US
afeaa30c-f621-4801-8a2c-d8a5a9153f00,MX
024746a1-6bdf-4edb-a834-9223181d6ecb,US
0ebb8880-9de2-4f0d-8b70-066e46445ca9,US
8312f508-c2c4-4409-b26b-b9805084dad7,MX
4ef003b7-68df-4ce3-a2c9-009a8aff7d6d,CA
46e2d321-890e-4f0c-bc46-2540d70ef1ef,CA
9501d294-3b19-4236-98ad-b2ea930362ba,US
dfb6dcd3-7a3a-483b-8579-b9deebac6d7c,MX
e0f0a712-1468-43c7-b0ad-b34e00856f65,CA
4c6d8c98-4004-498f-a1f9-ec4ec42f5c1e,CA
2ac80ba2-5da1-442d-953f-bbd6d43669ee,CA
d4618c41-c414-4b4f-b439-e4f70b391496,CA
239e034d-2b55-40aa-9853-2e95914bd244,CA
09d8f897-4898-4a2f-93c6-f1c64efa6b29,US
dc5e4eca-b479-4f67-ad34-3f2c3df5dd18,MX
dd18c382-a918-4f19-8b4a-856b20c84c5b,CA
909fdb25-15fd-4cfc-9957-69327bd45562,CA
fad0ad16-583c-4f4f-85e5-a8fca2fe2b2f,CA
6d6ebe39-36f5-4081-9501-fb946ab8e853,US
5fe8866a-5157-4371-a912-525c204ba0c2,MX
0c5dbda0-4b96-4e26-86b6-ae393d15c13a,CA
2387bb68-fef8-4fb0-afc6-e8145066141c,US
fb82c6f1-fde1-44b4-8af5-7780ebf317ba,US
b8c0fb04-1775-40ad-91ce-85bad8cefc0c,US
93204efc-eaa4-450d-ab85-1a5e00617620,CA
d2ee6ed8-6be1-46ae-834f-25413a5b7711,MX
933625c6-f274-4486-830a-8d42aed1ac54,CA
ced78e7e-f971-469b-b84d-29e751507260,MX
14009546-1737-4b16-b824-0a98129642f9,MX
4172734c-63af-48d7-a338-665325872f95,MX
c8b15bcd-3515-4995-a870-528814aa4a57,CA
cc99528a-3eca-46de-afcd-2aac340ded5b,CA
3187dcaf-aa45-4208-8318-2c6ed0d90697,CA
b1de3a9b-3688-4fc7-8c1d-87f669d9243e,MX
3cdf59ab-543f-4d20-b49b-6deaf5679fb3,CA
98f91b62-bb12-46b3-aee5-c8e05e8457e6,MX
0f19b802-06e1-4eb9-af6c-ba6bdfeeb9de,MX
225e4d4a-274f-478f-bbde-23a65cec7278,CA
a1f4096d-43d4-4cc8-96fe-582949065262,MX
20384edd-f0ba-49c4-a1c9-b1e250a852d2,US
301226eb-5d00-47a2-b9c5-1fcb324a57f3,CA
7f668f85-86e5-496b-8b1a-8455432ebadc,US
6ce08f13-4d4d-407a-8d86-5f1b98fb9404,US
8ba0e614-a703-4b16-aca6-f22effb27593,CA
010c9952-30b0-40b1-8c44-528c1dba0b43,MX
5963a1e8-6412-4eca-b412-94e8e1fec86e,MX
131ded8a-5a32-41b3-8450-6d8c69bf62c4,CA
e4a83121-ec2c-4e9e-8b7a-6000f2b19791,CA
afed1584-320b-46cd-948e-55e8c6a11ff9,US
9abdb21b-72eb-4333-984a-c8d69007be3c,MX
df63d364-65da-4ff1-a155-6d145010af87,MX
2ea3f867-8858-4fab-adf9-1b9ce064b999,US
fc518025-ae07-4465-82c0-2b9c5ef32e3c,MX
c3fe16c1-7e2c-46b3-b1d7-82f1350d5d24,US
99540e9d-db51-4714-adde-d6dd8f699f69,MX
1b438d63-e3c9-4413-b8c8-6cdd580fd6ea,MX
4b2249e5-5c9a-4f1f-8324-22e8748a1d27,US
1bf2bd5f-76d7-4104-94f4-1a9c87c5ca26,CA
0ce29c2e-92ac-4311-ba8a-8b58abb7db7b,MX
734f4bbd-6e7e-45ad-b5a1-5c0fa31c0c73,US
d5d3fc29-8fee-4ee5-a420-575ade252a18,CA
580a1ee7-2d64-446b-8d20-e5f4c30c89b2,US
171120dd-c1dd-4dcd-b8c1-76814fe1fa83,CA
155b2133-e4b8-4581-bf2c-a245be96827a,MX
8a85618d-2048-41c9-b210-93b7f1ea3e3e,MX
bfc52902-b589-49f9-b2de-b5c36b05b3b3,MX
4b4a9531-c92d-4488-bad1-55b7f357e9bb,US
65c9c471-a1c7-4f5d-9d87-3670d4ebdad3,MX
51b12b75-0808-42ef-8d68-e54ac13d35af,MX
2b43f3d4-66c2-4dc5-ae33-5705eb69b256,CA
9de94b87-180c-4f1a-85c7-0ed0613147e8,MX
d50396bd-8692-47cb-8855-0c38eabb6734,US
16b16b46-7475-4bda-95c2-d0b306ce94d6,CA
2e13b9c8-4a38-4de5-893e-573215832316,CA
7d87a9d5-c6a7-474f-bd1f-a15f7c40adbd,MX
74dbe7cb-472b-48a0-8ee6-885c05d9d9cc,US
e4c7c8b6-bdff-49a7-a909-70a6528876ee,MX
6c17e520-facb-4902-95e5-14147fc43c08,US
cb717cc5-afca-4905-94cc-5d17f8449e69,CA
2baa0d45-9d0e-47fc-9e25-1fcba9e5fc2f,US
19c81746-3286-4989-a352-8b8255b46786,MX
0282d111-e179-4669-9240-0c50a69b041b,CA
91041c3e-9589-4756-bc20-296860a2fc08,MX
9bad7464-2886-4c7a-95fe-00ad29406f02,MX
02cb0c1d-132f-4ec1-8191-47fe6dba187a,MX
328b2d78-23fa-4342-9bcc-74989b322de1,US
02d7ef8b-a58a-47a8-8679-5329331fefb1,MX
169bf80a-c9d6-4916-9230-bfcc7f47caa2,MX
6384570b-474b-463d-a128-3986a0ffcf3b,US
ebf30ec6-b0b0-4a0a-9227-63f393d79d88,MX
8db9f061-d9e2-45d1-a8b9-4f65a4546066,CA
21ff27cb-25ff-4146-ac0a-0d3c80d409b1,MX
dbbead7f-77c8-4766-b155-ac976bff8552,MX
75f4294b-a22f-46ba-b7ea-c8811e622809,US
c409aa48-e20b-472e-9de0-7b8a281d6961,US
e6464fb6-f54b-405c-af8d-73dbcd767c76,US
0f0cee3e-17e0-4a3f-b79f-e6db3c087812,MX
9303cac0-9959-4194-8acc-eb0eb69793a3,MX
0c63234e-a6c1-4552-a3e1-e3965266b0aa,MX
b5a5fd0b-8e9b-4ac9-9452-0eb00ba80758,US
28805a3d-e4ff-4a4a-bab5-b954050ec1ba,CA
f3db08e7-95e0-4ce5-95b3-6c15a10b0057,MX
d2b2b7eb-419a-48aa-be92-7c203cde400e,MX
4eeafdb6-18ea-4ede-9b76-042e28b26c34,US
f632cdaa-b35a-439e-b9a6-073deafb15f4,US
6f8ef00d-d07f-4d14-b482-8053c76eeffc,US
bb54fe6a-8768-49c7-8fa5-4e69dd999802,US
b865ccd4-e84c-4bda-bed4-b186bd439b3c,MX
7fbdf7df-8156-409b-9465-92347359843e,MX
3e61e100-6c2c-4f87-8433-377dfe229b09,US
0f510991-fcb5-4269-ab49-963d2497e1db,MX
58a7ff0c-5a31-41b3-9339-080e56b7f5a8,US
dbdcc0a3-4c8f-4ef6-97cd-524c7e66a510,US
3a4e715d-b9d1-4e91-b142-fefa52c3ee05,US
6e425259-ef3f-4730-bc13-6fc14304f3e7,US
8932a912-099d-4eb1-9728-079c18c04cf4,US
0cba1762-b083-4747-bf28-416906b29d2b,US
69f22c2f-1bf9-4c97-91d6-1440289843cf,US
ecb27c9f-873f-4a02-b14a-318c532614ca,MX
46b2fbae-5fba-4ec6-a39d-c7df846ab4d7,MX
2ae2e240-bf54-4a56-b6da-14ebaf89df3d,US
7a7e70a6-eab6-453d-9cd5-27c196678992,US
9a72fbfe-1bc5-40cb-b8ed-b93e6a190ed9,MX
3c0bef70-24ad-40df-a600-ceddbb635750,MX
64955ca3-13e5-4406-8ec9-863540f8cfc1,CA
5bd130c4-6b85-410a-a8ad-f5352b6d3e3f,MX
84feaf3c-1084-4c29-bdef-9d949b586b36,CA
222b7831-01e0-4163-81df-2d774cbfd8a3,CA
cad25bae-3bec-4417-9e3c-606efdde7e83,MX
3f43e1bc-f6fa-46ea-98a9-7af7b199bfc8,US
d6490204-484e-4753-809a-df1d23332d44,MX
f572a4ae-9a23-4acd-8afa-dc25af088fa7,US
43d09f71-7209-46e4-8618-90562740c5b0,MX
da2507fa-9801-4a37-82dc-8440b97990f0,US
07a5ece6-bb87-4c0e-b1eb-a1dce15d7153,MX
e572de26-c6f9-4d17-9405-41cefdd44944,CA
aaada26a-410a-4232-987e-83d8f717a787,MX
f78d2e68-4f5f-42c3-b9fc-2044a35af6f1,CA
06ad3325-e7cd-4b0d-baea-b654cef76397,US
d94461b0-63cb-4d3b-8cff-d8fea38c50cd,MX
e2bb542a-27c0-421a-a232-a4343a8281b3,CA
10cbe79e-8e9b-460e-b93d-57fd9f42bda6,CA
234317b1-37f5-457e-b05f-3c3fb00f2527,US
bb714a58-d5cf-4598-ad9c-657ccbc26329,MX
d665e1f1-330a-4778-a021-d881799b17a0,CA
55622c82-3f07-4389-8560-1c26c69c3240,MX
12bb11fb-9a95-457c-99e0-754cbf962034,MX
ac0e3af6-d89a-4749-9e30-2ab29e3a73a7,US
47fa1da6-f847-49b7-a26c-6adc7112b827,MX
95a4c456-0333-498e-9422-a1c3a0c7c45c,MX
a1e00b7f-486f-4ada-9095-586e21cb3fa4,MX
fc21ec84-9146-46c7-9da0-fdd4614b7783,MX
2b9e4abb-dc00-4dc4-be59-39dcd119341b,MX
03db9352-ed53-46d4-be31-ec09aa5cf10c,MX
6a12cb17-71dd-4e82-919f-96816bb85970,MX
7cac9425-2eaa-40eb-b9a7-0fefbb310e83,US
8d131bcd-62ed-42b3-befc-89dcd959829b,CA
566beb39-ee2d-455d-84fe-2336a89666df,US
f326649c-30f6-4562-86fa-9068e9f1166e,US
72809d09-55ca-4a9e-945f-e0327a7f4151,US
57cde262-de98-4563-9d02-88b06cdf983d,US
536a7606-3d91-4a31-b67d-c6ac30315989,MX
48df7d1f-d33f-4166-b6fe-713063c9e7cd,CA
e763669b-ddab-40c2-9a42-fa9beeb15eae,CA
5f4bf1a3-ee4a-4234-8076-53623cddf9c9,US
28b3c1bf-4c6c-4adb-b69a-5cc9f0ebc2c9,CA
638592fc-b51d-448e-a69e-e741edd61d8f,US
2b9bed13-43e0-41fc-b24b-a7bb143e20a3,CA
504b62b0-dab5-420d-b736-1cea2f8e4939,MX
c4e8c5c1-b261-47ca-a96b-779c31d9356f,US
a9409a9a-2d0f-4e46-96b7-18e98b4a2e6d,CA
a1dacbd4-af6e-4fc5-b239-1d7dd5d0e24b,CA
e79b2e4a-4fc3-44be-8c71-9c117093b2cb,US
98eeeca0-ed89-4b81-8bce-2c256759f123,US
70f5d495-0e33-4fca-b5a2-7a49162c9723,CA
355c5a32-1c21-43e1-9088-7e9e7a4315f0,MX
b225cc7c-ad1a-431b-a45a-13bdd179df40,CA
7b3f3b34-71de-4e9a-829c-c46fe743055c,CA
a353258c-23f5-4d23-a39d-280ebd660d58,CA
9b7872bd-661c-4128-b103-5cf83d67c918,US
8f48aab4-c2b9-4e98-bd12-f8dd2893c762,MX
e1558d13-15d8-404f-8580-2e309002b14c,MX
3a68b8b4-66c7-437d-85d1-ad3cc3ee7c1b,US
79097fc9-a39b-4764-a6fa-fee80ec6348c,MX
fb090abd-7a5d-4d20-8e16-1ec4a051e9f6,MX
4b2d5f42-346d-430d-8aed-d8bfa1ac845c,MX
f205279e-6a82-4352-a683-36cf76ab7c9d,US
31254c80-fbdc-4738-aa36-d6632ddef7c3,US
27dff24d-c0bd-4ad2-9723-ed7ceb520692,MX
f251fdc1-237c-4c1f-b63d-801bc5a6feff,MX
0d8cc0d6-51a1-448b-81a0-f19f9ad22d8e,MX
51485106-d9d3-467d-9661-9e5c0273ec0d,MX
b969a097-05c2-47bd-b737-d17e8953a785,MX
01313567-9904-4863-b25d-ef5266b76c83,US
33d0301c-87be-42f8-8927-e69a7b4815b6,CA
f965f933-5c37-4a54-aa68-c6cd1d9aefcb,CA
21649611-e656-404f-88cd-084f660cc826,CA
996eb6aa-abf6-4511-ae2d-dfd1acb911d6,US
b5991e99-4129-4e53-8349-c40bb485f628,US
a72fa990-a15c-43cf-9553-7cc8bfbc090d,MX
c30a68f3-2e8d-46d7-ab37-39db62d2f31d,CA
e980b3e4-68d7-44f5-8b0d-4984a6ab1d2c,MX
7559693c-d23b-41de-909f-026fc7a278e6,US
2ad4ba75-cf77-427f-95b1-7b1a966514c4,MX
4554484a-18c7-43ff-b566-f1675e38501b,CA
a3aaac70-465d-4cbe-a9d4-036650839a80,CA
ccf937e6-f390-4fee-9d2d-4f1c3cf704cb,MX
35615c79-36a8-44dd-8a4e-f2a2d3f32f53,MX
a32c15ab-fddb-4cc3-9e97-3cbb69fdef29,MX
3924ac7c-380f-4d0f-ab10-ad9713c85491,CA
13ba8d7e-3675-451a-b41a-6caf242dfcd8,MX
d4ab5ae7-4ff4-4b12-804c-fa63c171a6e3,CA
8f4e9110-dc0f-4852-a819-b02fc64bc8e3,MX
98a15043-9301-46fc-85aa-1a2268c84a08,MX
bf91d774-e97b-476b-bf5f-72a6fb14f43d,US
a7f78b2f-5280-4fa2-81ca-948f309f290f,MX
4ab09275-5abe-410f-83c4-8d628123b7a5,US
02d26ea4-c0cd-4cf2-88f3-a9fd4afa7a16,US
e2274303-aa18-4ad9-a5f4-74d597a32ab8,CA
44e9346d-cc80-4d65-8353-9419a5ee85d3,MX
e7c43a0e-2801-4885-b6f0-61549b29690b,US
33863930-1252-4556-a333-4a5c6c966d5b,MX
29b30c53-e10f-425d-a904-b72f5cc3c210,US
782d7e2e-0c3a-4c22-82d0-6e93ec711b8b,US
82ba8cf2-c2e1-4b6e-8619-437088162b9e,MX
e83dae24-bf73-43d4-b56a-f66473380b8b,US
f4860bd2-e620-4598-b9bd-96c7b1ef7fc6,US
d4bab698-bf90-47f9-9f16-eadfdbd6c866,CA
ba67caea-f436-49b5-9ff5-2c90175b70c2,US
a53504fe-eda4-43e6-8b1f-0ad8cf586b98,MX
3acba040-9571-4f60-9d2b-6eb1ca3956e2,MX
c940b81e-58a9-4784-bd18-7adccc826372,MX
8ef46631-e02e-48bb-8e4a-6ea3bbf4e746,US
4d8c3416-78f7-496b-8921-a666dc97249a,US
1b353305-c40d-43df-8cd0-8c7eb65e616e,MX
e2aa4f71-4ea7-4761-a2dd-6871ffd584a7,CA
bb45595c-377c-41b5-9de6-3bf2b9f18ab5,MX
149988d3-3ccf-48f1-bce0-3e3d071495aa,MX
385872a8-d3aa-445d-be48-0a5e9a6f29d5,US
4ea8e1ea-2a42-408a-9c99-d403172578a8,MX
a327ee30-dab7-4412-a88f-ed74eb6e6cb7,CA
338c5573-4f46-4646-a8e2-0128860e6a76,MX
15740d59-ea2f-47e4-91bc-8e437ea1f57e,US
5915d75a-3b49-4830-a32d-a9826a0c5a63,MX
9389a07b-c5fd-4e6e-b6f3-2cc1ab1029ff,US
f47bba5a-80c2-45e0-8b80-b30846428979,US
47bcc6a3-7410-4bb1-89f4-47d49f22373b,MX
e8c10b17-d957-4e1f-a32a-e3ec40c5d06f,CA
c8637b1e-968c-46b0-b9f1-b688ed6611b8,MX
aa4d7aad-0d62-4c55-a691-e691c43db893,MX
d11da30d-fb5e-4fc3-905c-fffcde12812d,MX
58535fe0-2c0d-461b-89c0-6e1e9fe48f34,US
dde1a584-d348-40db-8302-ca019a00f44c,MX
276a316e-0d5d-4803-a2bf-41fa4097f975,CA
c338141b-a489-4cfd-ad2b-42f7af3b73bc,MX
86d73f5d-7e35-408c-9fac-15ddf581709b,CA
a5e541f7-8ab3-4076-bf8b-03ba46855bb0,US
daf3ab41-9d4d-447f-b176-e7e4f2d7e0cd,MX
a9a0c955-df36-473d-92cb-e6fc61d5a6d9,CA
85072cf0-d48b-429e-8910-1123a714aeb2,US
2af0bf5c-17d7-4424-94cd-4788d6a0d252,MX
51cc5ba3-ee40-4c9b-b774-b0de9dd65263,MX
4c902fa4-850b-4317-ad81-9676205f6475,MX
9ee23b18-3f3c-49a1-9f9d-e3e4e1fc7188,MX
7c8e778a-441e-4c52-b759-ee57e7157186,MX
2ff4cec6-d6ab-429e-826e-cadbb84a9951,MX
ad671dcd-d03c-445c-8579-7632c33d14c3,MX
18357896-368c-4e0d-9ea4-1a9bb93daa63,MX
4353c62b-64f2-46ab-8773-904d320878f5,MX
b67601bf-90b9-4ab3-8641-a8e21a463b64,MX
0771cd4a-e43a-49e9-920a-f46717c750b9,US
27e2f483-1c78-46c4-b8d6-780845877730,MX
ad4df365-83e2-4768-ad14-c9b184bbb034,MX
b921a46f-df38-4f60-9f5e-0734b3de0c3f,CA
7641dcb2-ff39-465c-aa36-ec195aff8b6e,US
dfae3769-acdc-4abc-be46-6e5269d512ad,MX
ca95c899-ed5b-498f-89c5-cd26e276f5b8,MX
3062f018-c8ff-4bc5-86c0-1600b4c66c7e,US
5903c4ce-12a5-4244-8932-46a50fe58bdc,MX
4a2c33ed-322e-4dc8-ab5d-f4b712d0f7ce,US
1f969019-8170-4c1a-a382-6fd5672086c2,US
684bde82-e36b-4658-b3b4-e6742ed30e07,CA
1652a113-cfd2-4d12-81d1-45b13b6c22e6,MX
17c8b438-df73-45fb-99fd-420616c11ffd,MX
fe15355e-57dd-47a4-ae94-56c4a7d4a23f,US
5df01449-d2ea-453a-8406-1115bd800e57,MX
52b53123-113b-4fa8-abe4-b08bb691e550,MX
203a0053-e11b-43c0-b7b7-da4889a69a8d,US
e55d61c8-c46f-4891-a551-d0a4d33b3054,MX
e4e78ec4-0010-4a67-aae1-a3e3381d3e24,US
e59b34c8-471d-4985-8e43-df7130cb121d,CA
b0cc41c3-a71f-4129-b862-97afe3b9f257,MX
2ef22d2e-34e4-4e38-9ef8-a43f0aef9a49,CA
c19e68da-83c6-4fda-9995-a9a07869d565,CA
d8eaf69a-8627-4765-8f86-067adea529ef,CA
0866be86-765e-4cdf-9770-3376cdf85a44,MX
9acc037e-a2c7-400e-a5ba-bbbf3194b10f,US
50f9f97f-cdce-44a2-855e-cc7760131c4c,US
6ec7d1bc-c796-4966-a418-8ac2fbf8cd69,MX
960b4082-b555-41d9-9719-0ce08c1a5213,CA
b1e8e7a6-67d8-45ea-b3dd-cadc1615ecd2,CA
fd1901ca-abd2-48b5-8d0d-84ff7522edc2,MX
82f8d970-6ee1-4cf2-85c8-de881fc9827b,MX
784e967d-9482-4dc9-8e7f-750e499de9aa,MX
abb339d2-f9ba-406c-ba5d-dee95f9f3078,US
ab30203d-3860-4193-86cc-846a62804fbd,MX
1f435cf8-81bf-409d-9fbf-aac72f5c72c3,CA
714c472b-cbe9-48ef-9cf0-eb20174bff6d,US
dc64d71c-191f-4f9e-9c87-dfc28435227a,US
b21a0b9d-2b2a-4aa6-a9e2-dccc9d6dd26f,MX
3bc80b49-b669-4daf-a63e-a30741ed379e,MX
d3974459-a3ef-43ee-9aa1-52397f313d77,CA
069e004d-c3c1-457d-b0db-b250a519a05c,MX
014ca5f9-3436-47b8-b43e-0aded69e3164,US
489c6671-1da2-40b0-aaf3-79ba1945cb14,CA
f37eb455-2a84-4e47-b85f-d7b487ff1e90,MX
08d064b6-9702-4706-a35c-6e9fd7c29c98,MX
b10523ec-1424-4b0a-8861-eb9088f4a250,MX
43f469e6-7f48-4c14-b327-018f8ada854c,MX
20f3cb54-a4ce-479c-9f9b-b6ffccd1b56a,MX
3add4773-0515-464b-a3b2-cc34f9fd593f,CA
17cee18e-b80d-445e-a081-466cb173a05b,US
429fa8f5-22ea-4b40-9bf0-36ffd337ee86,MX
6419c5bb-0fe2-4c8b-abfe-0c10fac91175,US
5cb5a8ed-c0ea-4055-be8b-984a291dceb2,CA
c744f3bd-3cf5-4fa7-a6e8-5535a3d1c98c,MX
6fcc6a55-eef8-4a78-95f3-6080c98ef93d,CA
ce0b5d28-cb89-4c2c-ab34-17d8043bbd01,US
f60d3b49-eeb4-4719-b7f2-db6b71c4e0c5,US
5c33952e-0b14-454a-a1ef-7295ee0cd646,US
f0fb91ca-fc92-422e-8efd-249f6bd3751c,US
685aa2df-3471-42a4-879c-427048b44a0f,US
4ffa40f1-1a79-4510-b167-35d12e7593dd,CA
5da93baa-8d94-41af-b4c6-eb1efa17e6fa,US
cd72859c-4da9-4c21-9c95-83068391d0e6,MX
abddb86d-7b84-443e-bf25-b04ed399e927,MX
644531d4-8ab5-4517-93c8-e001d727040d,MX
a8382e93-02f6-4c54-ae97-1752b37dc9e2,MX
bbddef68-20bd-451e-b369-64a82c2aaf84,MX
e17ccd28-4d9e-4126-99af-7048f97d357d,MX
f571228a-40be-4d79-b3c8-78daba493abe,US
bf3b549e-8e70-46bd-a382-3ab75b26b92f,US
f038f495-d756-4360-87a4-34b6437f3901,US
f1ca5f4d-b5d5-43cf-a9c0-d370dc48e1a0,US
79141608-397b-45b8-b9be-9f4cbeb9eb4d,MX
0c004303-dfd9-4478-8be6-81238841aa67,US
a1ac7e60-85ce-4445-afd1-b47477b5784b,US
382c196a-11dd-47c2-b64d-362c451d0aa4,US
1e63dfde-8100-48bc-b815-616cf1db6374,US
08761a10-17e4-44d2-ba0e-112bde035ec6,CA
efc4fc0a-07a9-470e-9838-85bcf4c5f9b6,CA
f934558a-c4a2-4dbf-91e3-0319305aa0ed,US
3ba975f8-249d-4d78-ae52-9931c8bef565,MX
4c370261-bf48-4c1b-8448-41e6164ec5d2,MX
07e66fdf-e183-485f-a168-201b1b752db1,CA
181246d2-b23e-4d4b-bf14-21ecc9f98ef2,MX
46c9e87a-604f-4b35-aaaf-d85808e0799c,CA
a41eb247-d807-4e47-a042-bde5c50e86da,CA
34062390-192c-4173-8fcc-e4c381be6466,CA
fa6fa362-0f8a-4230-85b8-8bd753007af7,MX
57672aaf-1772-48c3-b712-6d7043bbc04d,US
3b8891b0-cc92-48d4-83f3-b3ac6696f08c,MX
50b9528c-60a3-4813-96be-38b4e03036ba,US
8d4ad489-390c-408f-a75c-84809773b947,MX
891331d9-3adb-44ce-bfaa-4f062762f3e9,MX
20ef6759-4aae-4222-8020-f02f376c540f,US
337147b8-8bee-453a-bc67-e63abc3caf72,US
a8d68adb-4d0e-4b3b-887e-b6473c3f2648,MX
00ed2bd1-d61a-4482-9e6a-dfb9cebf34f8,MX
7771f3b3-a718-4b9c-9d00-6a78a88f2e9c,MX
4ed96b8b-593d-4b91-b3a2-5d239f45c379,CA
0167ec40-59c2-47c7-96da-ff9a001a056a,MX
3cbc08ff-a1a9-4872-b928-f0aa5b8effc3,CA
8d5cd145-6334-4f5d-99d6-be5d1324bb99,CA
fd5afc2a-ab01-4288-beb0-080a1f1f985f,MX
068c13de-5412-4221-8cc2-78d3f4d1beab,US
6d8e298f-b7d0-4e55-8f5f-023e35cad7a9,CA
9e253cd9-630e-450d-aa3b-ad60670a1d1c,CA
f7dde8f2-4f39-4b62-acdc-5e93c2acd3a8,US
030cb4d1-1dca-433b-a628-93fe2ec026fa,CA
a3c1850d-cb06-4551-a6e0-f23afbcaa39d,CA
786eb5b1-51f6-4b55-b761-cc6c6c728647,US
a394ee4a-2659-47db-888f-2c29de43b487,US
d687c057-11bf-4626-b839-f730b8db869b,US
353b93a9-a01c-4ecf-8f9a-295379a02feb,MX
b80c0f9d-476e-4471-a0a0-75d2515fa2af,CA
35e0b586-025d-4630-b8cb-e58b404dd134,CA
cdbeca88-6cb0-4de6-9e41-7217cb12e84f,MX
ee42a4e7-7ede-4a07-b97d-c2a1bf63f8a5,CA
dcc012ea-bccc-42a9-a1eb-dea1230dda8a,CA
9e4ebb2d-c8aa-44d2-80f4-ae9d88388898,US
4bf59295-53b9-4b26-872d-e05bd9d981b5,CA
a4d23c29-6f8d-4806-81ee-b6f54e04a660,CA
96b96704-d83d-4832-87ca-77e4326602b5,MX
01ece5a9-b27f-48f0-9642-08411a704be4,MX
ea3ffc1f-2a70-4985-b943-d74bb940a902,CA
e761aeae-882f-4ada-a951-266836166778,CA
c78c88ab-aacb-4a4d-873b-11cb2ba17206,CA
6d131d97-9b22-46d7-8e2e-0f227e072f29,US
dff6bf19-8e93-4ed4-94ec-9cde15ac5fd7,CA
07bdf402-1236-4f55-90d4-d018019696ba,CA
fb40fd59-fe48-4847-9905-ff1e73804282,US
35a57886-4cd7-4375-bada-373b3893bf76,US
12a33df8-b684-484f-89fb-f08279e1f0a9,US
e3df19c1-efb9-4a7a-907e-d5174caa1d7f,US
4ab9c3d2-4655-4db4-8ba3-3486cccd2a8b,MX
82237f52-3551-4c5c-8419-91f852683fe0,MX
396e8d48-6b88-4a86-bf6a-d4c3facb2055,CA
2f89ed75-518d-46d8-bc1f-d211ba496346,US
cd08c967-a117-4d3b-8734-40850a8bf36a,US
e1de3929-105d-4842-957c-94c07201c4c3,CA
063f167d-ab07-4301-b8fb-fefb7b7b9998,US
f9d6dad1-85f7-42a9-9bf0-1fc765849e5f,US
8dc9335a-7380-4375-aaa1-9b42f19a5b3e,MX
26bc3b96-571a-480d-9569-8a3fa8061197,MX
fd4572e8-79d9-4cca-8d29-9434a370b9f5,US
ac4afa87-c369-4b55-871a-9d2b0c89c34c,CA
a9b7d1f8-d85a-41c8-a84e-be605b0f4a53,US
e4a92a3e-3b16-46ae-87bc-c114f2d11b8a,CA
0a0bd262-04f6-4edd-9a8e-8f5d47981d71,MX
0512d202-1100-47d8-9ea2-1f0201e0bb38,US
b0052ec8-9ad0-4c00-900d-d45a10339c61,CA
6bd10433-3390-4381-b8ce-b64dcef91fd7,MX
435872e6-97d4-40eb-890d-46ca29cc011f,CA
062cc907-d473-4813-a5f2-5789fa700a4b,MX
27f7e5ec-a680-4f7e-9acc-e974ace40865,US
315fd87b-de15-42d4-b65d-efd02b2f6b47,MX
1b722060-af92-4681-90e0-f4a2ebcbc89d,CA
677d949d-8d36-4446-b2d3-cdfaf9fac144,CA
49899c42-a632-48e1-b3fa-8c6b189e0bd5,MX
817f9075-0e6f-4273-9e52-c939ced5a5cf,US
e28c715a-638a-4720-a516-dd650ee07779,US
a5239cec-2b00-47f9-b901-9feaaf1be56a,MX
9052db35-78d6-4ccc-8a79-085b46e754f2,US
f0a6cc20-53f1-4a91-922d-a4a6ed425c16,MX
418b0f5b-b081-40f3-a584-9beed1097749,US
2920fab9-71d8-46a7-9dac-b53df56166b0,CA
94c87977-fa48-42da-af05-691dbde7817a,CA
56e775c5-9a8e-4738-8314-104b7158c311,US
6aae1b51-9fa9-4f16-aac4-9f1502623050,CA
13f66d36-4540-4f75-b610-437ce700a3d9,MX
fde85560-b962-40cd-b195-65cc874291f1,US
8e7633bf-9955-44df-84c5-407fc7ef6a8e,US
3da1647e-1dec-430f-ac36-c45e40c8acdf,MX
deafed6f-6df4-4651-bfff-930314877d61,CA
5f98120e-0c1f-408a-bcd0-a7ab9b4a127f,CA
c96042d7-6373-470f-afbe-5f6c1df2934e,US
9dab177a-9cb2-40ce-ab22-34ef353b11d0,MX
60995e6a-25ff-44c2-948c-67056e9d92ef,CA
0bef1e12-bd8b-4b79-a21f-18355916d867,MX
b8773891-6220-488b-9e13-5a7a04511ae8,US
80eb4345-980a-42ed-9678-cb0e37afac78,MX
925702f2-5d15-4b6e-a7a3-60ceca04ab41,CA
c85e68d9-8301-4d66-b204-3b198396ea85,CA
6e1fc9f5-9b0f-4214-a8e9-25b057c97a2d,MX
c4c7bd0c-32d3-48c9-8602-746d0a009ead,US
c279a126-a542-46af-aefb-ce3c5686a3b4,CA
3bdbf814-12e3-497d-a308-0f6d0947defa,CA
44e80a56-7547-475d-9ce4-70b622b3aca5,US
64d2949b-f8b1-4fad-8de0-bffc27203a30,MX
fefcbb4d-4d56-4544-87f5-167b12b96f34,CA
416299d5-a15b-4af6-be59-ff7f672d935a,MX
755487e3-d684-4e0c-9e75-d55cba800758,US
5f0b1e6a-6a5f-450b-a707-500dcd12025b,CA
293c13b1-c52a-4b3c-b393-80e0cdf498f9,US
0a4ead9a-f62d-4cc1-9c2d-ff24a0d9c6c4,CA
0461e355-de80-46e0-81b9-5a578452aeea,CA
47375988-af33-4aa6-bc99-e28fd27d90bb,MX
bcca3d1f-f8b9-413d-aa0f-e10ab6edf768,CA
9fb4d8b1-93e2-4908-b670-5ac637f9246b,US
afd71eba-a75a-4672-b2b8-80ba29636a02,MX
69128fea-51e1-4024-adf1-58ad0c145086,US
9f5bc161-4d88-47f2-b964-d0b93339a998,US
aef6b20a-693e-4e27-9e9c-502b49e7f6e1,US
463b7cda-8dd7-4465-8565-923eb99be50a,MX
3a150e30-4b63-4327-9aa5-b9782e3938e4,MX
560e51b7-953c-40b8-8be4-07754c5a2432,CA
e007c496-4128-43cc-95cf-ff69cac540c8,US
0feb6624-8295-4978-a3a4-d1f56dbb24d1,US
766f9f83-5899-46fd-b57e-4117e9d088d9,MX
e1395ed7-d02b-4887-906f-1ced257f2fc4,MX
eb0bedc8-9057-4c80-b204-68bd5020a9c1,US
060d1e32-b4b2-4ded-b5fe-2e04bc7b6d02,MX
b7c7c812-8080-4a20-8008-45216154de4f,CA
37782911-94ef-4f5c-8c16-04444b4b0fe8,CA
5010bfa3-0f75-4c2d-9114-a3ad0ec183b9,MX
67a9747d-4e5d-4e40-bfca-11abf686a06b,CA
4423ed7d-e26a-4ae3-b321-e75465030457,MX
ce2a2d3f-7277-4bf4-bf50-d7aa30c4eb26,MX
f7e686e2-83ba-4bb9-bd38-fb79cbf169a4,US
c7c92e1a-b438-424f-a6d3-e1eccf09e832,US
378f426b-726a-49fe-af69-ddb00b1952f5,CA
2553aaa6-0135-486d-aad0-45e61d6dd44d,US
8675f73d-1f03-474d-989a-dd7edfacdb6b,MX
1a27de0b-f144-43f8-8d21-cedd2057ddbf,US
00675e2d-9542-4baf-83f6-043d651dbc42,CA
54c09b20-4469-43de-80e0-dd7a88ea2b1e,US
93997a75-2ee5-4272-bdbb-62d098d4593d,CA
54aaed17-3edc-466c-91fa-4c4020804578,MX
7fca9d59-02dc-401c-ad97-0553d62eb257,MX
4a5f3534-7b06-490c-9c87-2aa6f409cafa,MX
248f2edc-9807-4677-b615-d15e76a35316,US
ff31b6c9-f34b-44cb-a938-b2e6410a0332,CA
0eaa5cf9-a5f2-440d-81e8-e9379fca9e34,CA
4b4db378-0b79-4560-9477-5a3298dcf862,US
dc661ac1-b705-44b9-8e7e-24a66420d18f,US
f22f23ff-1274-4b09-b2f4-2deed2b03c84,MX
214c75c6-b50f-4074-a3f7-88676838156f,US
13647c42-f6e8-4c11-8634-3d6870b6c2e6,US
d50ab191-6587-41a2-86ed-9eaac20fb51b,US
294fd09e-0048-48e4-b0f9-72f697170447,US
a316cd62-b68f-410b-8e22-860f38a5d17b,CA
eeab2e50-2b2d-4a9a-b1b6-92863da78621,US
6b1570ad-266b-408a-8919-127e705ca1b7,CA
0998fe1f-5af4-4ef1-810e-e5d168818562,US
d98dff5a-e0ff-41d7-b382-89ad1e06e35d,US
7b6de2ab-2ebf-4ad1-b2a7-96125fdeab28,MX
d15ed5ab-289d-49f6-b42d-ce927a9f634c,MX
890a3e72-c110-4b0a-94ae-b403d583592f,MX
81de8074-6856-45d8-80f5-43c51053e3b4,MX
e3877c59-782e-4201-b91d-c905b93f2419,MX
7ff4cc87-1096-4877-bdf3-fd428df07f63,MX
4961f9e2-7311-4655-aed8-516e339e73f2,US
0a83caad-e74e-4924-9426-4e56e9686a54,US
7e1edf8f-78e2-4506-bb6d-f731881d0943,MX
7c01eae8-e6bb-459f-86ee-9c9615cfe3ef,CA
46df40a3-c63d-4abd-855c-d186ba490bf7,MX
d02313ee-51eb-4a6b-812f-3452b1a99ad7,CA
000ceaa4-a579-498a-8f68-4d601d065c20,CA
b0836ff6-de18-4003-8b2b-19042478da10,US
d526e1f3-40a0-4391-8a3c-84c0b5c23686,US
810ed1ea-d485-4a7f-aff2-a098b5d06043,US
7e2f5733-ec02-4771-834b-dca4668296f8,MX
5bef2141-8db1-47e6-ab81-9b99cbe04a93,US
e60bcbfb-ea2c-46e3-820f-effea7f5c0cf,MX
a965df26-3f7f-434d-8e77-e345d4a92cdd,US
a33159fa-2fd8-4cc2-b99e-a74cc4589bc2,US
0607bce2-a09f-4d12-8e2a-183c5cd573a0,US
7f1233d1-f8ad-4047-b292-9e8a43eee11c,CA
0ad8f546-4b4f-47a5-ab95-93993bb58128,CA
e27876ff-106f-489e-8e6a-07fd65022955,US
058744fc-c464-4da1-954e-ea384bbdfa6b,MX
35a58735-ce76-4973-89f0-f74c2d7dfa26,US
d714ae6b-3fe2-4ee3-bc9a-42ae8411d923,CA
ddbd0e89-d90b-4cba-827a-5912de65071d,US
30659939-b654-4435-92cf-a3afd675cfa5,MX
7d646c77-91e4-420d-abb3-060cb4773908,US
3b58f901-81d5-4bd3-aa58-a3ea0fe0cfe4,US
8c6064b9-889b-4586-b5c4-232285c38054,MX
360731b3-3d61-42c2-b2a4-5aa8aedfd6fa,MX
c5ea0e5d-1c50-4da1-b768-77479b4e18bd,US
e9c1064b-6066-4f78-bb95-3f8ea54e0c3d,US
b75ce23a-3264-44d8-a5e2-cd532be3fd9f,MX
d18492f5-4fc6-43c2-95d2-84db266dd924,MX
8727d222-fde7-4108-a630-44ee77710d35,MX
62aaddfc-6a31-4338-9399-6c1e51837a5b,CA
a3d07ad6-2593-439f-9332-739df5fe0c69,CA
51b7180f-8486-4573-aa96-cf46317e0795,US
bb016016-f630-4a5f-b373-45f2d8e3cbc0,CA
d30a939e-f358-4bb0-bbc7-cc5d0a055210,CA
d7f960b4-49e2-4f55-a3a3-881dea2d5e7c,US
07a2f1d0-33ee-4a41-83a3-b99b0eb1d20a,MX
d4f74264-18b6-4a76-9426-82a11bd85f2d,US
2e5eda13-9a8d-48b5-869d-6f676a4efeed,CA
372704d0-5bf7-4b9a-b4a4-348d77ea70f5,US
970448cc-9e78-4bbf-b897-7e648cc116b6,CA
b0468c25-7b5c-4522-b98d-2e338ee5e4a2,CA
6336bc5e-8130-4449-9ccf-f53112e895ea,MX
87970206-5efa-4768-a40d-9ed85aa73895,US
ea255dbe-83d5-4fc0-9782-2e3188a64df3,CA
cf2831a0-aa7a-4d95-b8fd-3027b38372ff,CA
e76f4453-c630-4dbb-a01d-aeb12820fcff,MX
36634e74-8d10-451f-92e8-5306bcc6551c,MX
276979c3-ebf4-4fb2-9107-8523fe5edc31,US
1b3187fd-01e5-4b3c-a5c9-01fd82ca75dc,CA
e421b9c1-8a42-455e-a07b-9fd75ec40305,CA
212ad8f1-ab27-4bb6-8254-6605d27af777,US
f40428b3-adc0-4662-a9c7-493be99399cd,US
3b03f77b-0fbc-4d70-838b-24283c829a96,MX
7e1c2a60-4b4e-4099-ae36-bfc9d3ee1225,MX
3e3f9ed0-9238-4d98-b9fb-19f8de2d74fe,US
c54c6840-4472-4373-abc3-327a4079fece,US
bdac3fd7-65ed-4ce2-9c45-be5ffc3c5955,MX
f0520fd0-e40a-43e7-bab1-256a771ae9e3,CA
574a6f56-ec7d-4454-81d3-be80b168ebad,US
6d4ba494-0de5-452a-8cdd-1a9484f688f0,CA
5a00fda3-38a8-4045-94ab-be9e77a262e6,CA
6bcd2890-0313-4f9c-a358-e8cf76b91444,MX
5f747620-ca7c-4e58-a47a-a039cc0124eb,MX
effb7bd8-7de8-421c-bf3c-0311266de09d,MX
92345b22-1526-4207-ba74-9db0f1a6ca9b,US
5435c967-85af-41c2-81e8-762f9da6e4be,CA
c896d35f-f050-4512-8f36-8264af2aa5b0,MX
ece1f38e-10ed-4edb-a7b6-c7d1ef97f382,CA
66431b0d-99a8-4549-9ab7-f80546db08dd,CA
b670eb89-ac3a-4c1c-9f47-d4750788abaf,US
83aa0d9f-8613-444e-a255-7f4c7fa4df49,MX
3e5a7f78-bcc7-40d8-874b-1b0d86b1e039,CA
3c9912dc-6354-4afd-9e58-bb91e588182d,MX
ea29a8f5-ee8a-4570-a9a4-de31ebf27857,MX
57540220-9dfe-42c2-8d9c-18332746ca29,CA
635c1f0a-1f7a-4213-9abf-ef19b3774d45,MX
95db23f4-44dd-45d6-8154-750c0e943e82,CA
e88a8e2c-259a-42ba-b082-ef88a7459319,MX
87886662-1270-4f65-a4a6-c240d0d59219,MX
2091abac-58c4-4480-a348-8b4a030d2f1d,MX
4112e14b-ead3-4735-a3bc-71571ed63900,CA
d1ea5224-caad-4fec-a349-a302898d87de,MX
a2f2b3bf-5524-4064-849a-7147106a9147,MX
5d0fc15a-47c0-4d73-87ab-2f4fa105f11f,CA
84d2c2be-93f2-40ac-9ec3-3455baec91dd,MX
ef7f61ee-7915-4579-aa5f-e5946960a2d4,CA
6c6bdcf4-25f0-4382-9f03-5c93bf8bb6be,US
0f63ad2b-59b7-445f-8f76-32de9993d1d8,US
8626b4a4-6f52-495f-ae57-20607dbb1fd4,CA
6b7de684-12b7-4d46-b102-339b5d18a6c0,US
84c0e6e6-a734-47c2-b6b1-bd3187648726,MX
9f372a53-e424-4415-bf2a-34c641e246c6,US
cb78b594-8ea2-4387-88f0-f03819eeb512,CA
4e50407f-efa5-4509-a95c-4ad6b525b641,MX
ad5bfc12-2c2e-4f3f-a4b0-7977bbfd211a,MX
87b17afd-6f92-493d-907a-d3385cba589f,US
e6e463e9-e5c9-42ab-8c4e-1c6b6ebf0686,MX
aade91ed-9101-47ae-9afc-25c7241ec8c2,US
3a612d99-60e2-4001-aa5e-5bdfe8eb7b42,US
e5737c15-ffcd-4111-a0b0-d6746abf7ab7,CA
1fba8501-5e85-43ee-aaf5-8c1b28b9c75f,MX
658f42bc-c58b-4171-8fe2-a1fb2c58e539,MX
6276eec4-fad9-4689-be40-98f3e670a487,MX
b8467ec5-7811-4ce9-8d8e-53e6f7553d7e,MX
988e9609-e5fa-48c0-a493-f0fa99fb701d,US
87838c0f-2f72-45c3-8785-97d21dde744a,CA
c5876b30-4c98-46e7-9659-0d8d4fa43bfa,MX
ea546275-cf52-4ea7-80c9-f243bfeea139,US
8a7023d5-ebea-43d9-a47c-ec335e2bced5,US
77ce259e-fc2a-4679-9717-34b05268fdae,MX
d008b2ad-90ea-4d60-8e6c-fae0314c024c,CA
db633431-8cd4-4b66-ae19-5038cf77e6f7,MX
2343778b-b3c5-42cc-bdf2-46927ddad931,MX
b7cf94b9-1d95-4e2d-884d-0426329b5ccd,CA
05003251-a546-44d1-a7b3-577aa2bf4668,US
2e75709f-f617-4c8b-894e-806937388d69,MX
eb7a9814-14bf-4677-a410-254f87d58ee8,CA
9bf6a3d9-e7f5-4c86-bb7e-b012811167b4,MX
88a1a788-2ce8-4560-80a0-11a5505317dd,CA
8a768af8-6fb6-4291-85d9-c23d5c939d7a,CA
00449557-eac8-4601-8c94-43d921fb93d9,CA
48585cc3-2d48-47c6-b1bc-7ba3f6f9d1d7,MX
efe17a87-5e2c-4a23-b3a0-0a9b67111f5c,MX
fe284ea9-ad83-463f-a077-1902810f6472,CA
6ba8740f-bfc1-49ce-8a80-40029df4d35a,US
c8c5e0d6-0b0f-486a-b6be-f5c36d100753,US
c174f245-cefd-4ac6-8f32-e43c7c19d156,CA
946abe9c-33e6-437f-8e06-9a7541b6a47b,US
54df8b2e-d859-42bc-a97d-b2bbc6d50ae0,US
11470b0d-2da1-4739-ab71-52fb3c819eac,MX
bfd85ed8-39d2-4750-bbe6-7b4a51ff1e3a,CA
fc7ce8e3-9a5b-45aa-af4a-c9eddd659bce,US
e3c1ac59-6e42-4973-9cdf-d9034b629498,US
48a5257d-75c8-4fda-b879-a916ce594a05,MX
45eef9c4-7709-4d70-b6ab-c106078574f0,MX
68443f50-6db1-4115-a36c-036837b4ec1c,MX
a794b2bc-0100-4c10-8a2c-7a8ef6205c1f,US
44a74a19-24f5-44fc-bed4-8ebbaef9e60f,US
7f558af0-e3fa-4f03-afa6-545e820eb48c,MX
cf84f19f-aeb3-4d56-b161-d9442e4e8ef8,CA
dc468c83-b733-4e85-8eb5-35fbc3f9d78a,MX
de8ad80a-0f3d-40ea-9e76-a0ba683ac32c,US
0af6e7bd-9c6a-45b8-8927-c79e1f085978,US
2236636d-9996-4994-bfb9-67a95c31d1cc,MX
5fe6211a-1465-43d2-bec4-d734ef6b8f8b,US
95e24abb-9005-4782-b68f-26ac8a67cc83,CA
8efd7f0f-8d14-41c9-97ac-009f32319c08,MX
33f157e4-987e-4874-a870-1fe1da7c0dbb,US
96ace682-cd3d-4647-b105-95308c14a86f,US
7e0bf019-1758-47d9-aa55-a560f0bd31ae,CA
c6fa1421-5f9a-4544-9ce3-414108d9d92c,CA
6d3e8e7b-0484-4b96-9e27-d84ac91ae751,MX
048dbcbc-69be-4610-b50e-9bae579ca8f3,MX
07130c8b-2505-41a6-8ae5-5278f01dd45c,MX
9787e16a-4a50-40c5-b7d0-7a7083e2e916,CA
24adb208-421e-4339-a936-c4f42a1788f8,CA
dbb8f7ca-48fe-495d-853d-da2b6abc7b67,CA
5326f78f-7348-4dd5-aa84-46c37b53ee0f,US
9b8cfa7d-cb26-4210-9cc6-517f936d00c3,US
ce5a0c81-df21-4b34-a201-8d55bb2cd435,MX
5902f52f-aefd-4686-ad5b-6f6ad31eb485,US
4ea349ed-3cb1-49c1-8a82-95fb19705e0b,MX
9d49209d-36dd-492d-bd44-0be625bf09b2,MX
7bdd9b3b-36c6-4a3f-a843-d31f7a9db3da,US
b039d906-63a8-40d7-928a-c60f6272ea31,US
60fc9f18-9b84-425a-afab-41889966afb7,CA
9ee49892-bfbe-4abf-84c7-1167819f74cd,US
73b7c46e-64f2-4d63-8417-ede248fcab69,MX
05a244c1-4e95-46d6-b999-1117849b0b76,MX
6bf8aff1-71a3-4deb-8eb2-57ff7e108cdf,US
ea605c40-1937-463f-bc1a-f83f8e14a6ed,MX
2ffad812-6a9c-417d-9046-1959f6d77edb,CA
744c06c2-f5e1-47d0-be29-020f477fc616,US
84bc96a5-8f2d-4076-918d-70ae34ed2ab0,US
b6ac63f2-df31-4529-b495-dc8e2be5b5a3,CA
ae46d225-6ea8-4745-b472-119fb157f7ed,MX
cc0129ff-9e0c-47e0-aaec-69c3d437c78a,MX
dd77f05f-781f-478e-a901-255863eb1d28,MX
c75cafe1-5579-485f-9754-c1e2b8b70128,MX
cc1aa795-87e5-4b7c-ad8c-6db1c09b4d96,US
f43ba84d-25dc-4bed-94ab-7327bdbbec87,US
b8085ef2-0b0f-4c91-8b1e-fe4a0cd7516b,CA
2ee4dec1-1a71-4802-b19f-41d565cfceb5,US
6518cf65-bbe3-431f-9ae9-70655f4312f1,US
85551d52-43e8-4bad-9240-c0fb589277b9,US
df78b2ca-a7db-4e19-bdd2-518b0f85251c,US
175cdbf1-93ac-4168-84d7-6020bdccbaed,US
826a3d8c-1ca8-484f-a823-b8743f77b159,MX
8f36f068-18f3-4ed4-859c-ded0281b0317,US
937361f3-323c-4877-9fba-bb06ffb4c154,MX
e1bda40b-5754-457d-b540-95d99a853f55,US
669bc65d-13fd-462a-a8c4-210cfe9728a6,CA
71578f5f-e429-4109-b8b7-b45f4a9fc403,US
9b8ccf4a-c4f6-47cc-90a5-86e5c82f18ef,MX
93a85987-84a9-48a0-8bbb-5088b099ab60,MX
5012e7bd-1aaf-4f7e-8dec-ddcbfeebef79,MX
0b3dff25-aa3d-4e06-810e-fc5b2e4aaeb7,MX
e38fab72-03a2-4f99-8fb8-225e00120966,US
a51e1092-4c1a-4540-ada2-ab97140ee17f,US
c8013ddb-ba3a-4720-beec-35303128b47a,US
7207246a-c581-4fda-bf3e-63b543462080,CA
8dd5a0a2-43ce-4790-9a52-19b976743beb,US
ee5dbb8d-1d40-4497-b446-5491a3df4627,MX
17cd43ca-a4e1-4c10-9bbd-95440d60699d,US
dd34de87-7ff9-46da-93bf-386dfc43505d,CA
0e46e482-a01f-401b-9c26-e370aff7a223,CA
d1e5778d-3d30-422c-a7c2-bb77e3bc8ca9,US
a9408089-b454-4fff-b019-5eadbe1e224c,CA
6a1b3b32-2479-4da8-8962-208e57edda90,CA
d71c1945-7f7c-4e34-8a57-7e1bfa3cb5d6,CA
cc096340-744a-4480-9478-06dd9d8dae9d,US
0d607b1a-8046-4f11-a876-da2c72ce5c8c,MX
4bdf62ba-1d1a-447b-9a95-3eb63274c23e,US
f6a1f40f-bc0d-4dd8-bec0-6df654b6de0e,US
387a7aa4-a2c0-4012-b5bc-f7c4d804339a,MX
9cb517ee-fb42-47a2-b883-d43ec2b5cf2c,MX
e048b372-8164-4999-b569-cf4fdc39c65c,US
422dec8e-e4fc-4eb6-931c-1b886672d1a4,CA
fb79634f-4cf1-47de-9db6-b5c395fbd893,US
7a4df96c-bd24-4d89-8bbd-e5490a41e119,CA
675a1702-9093-41fa-8019-429f6341e8d8,MX
ca2a346b-4bae-4602-8d8e-f002427ea9ed,US
23e3fa03-bcba-4232-9d86-8348117ea6f9,MX
ae4c57ea-4daf-4bb6-a657-71b26bc593be,US
1c8afdd2-6402-44b2-9726-571d70a407a3,CA
42de2656-fcff-4d77-b796-0007f03746e5,CA
a917256f-d3d8-4942-8e9b-123605e64403,MX
f7519317-137c-4690-8af6-2f0223e2e408,US
9f6db3ca-e0c9-45b7-8e9f-d97066147ce3,MX
85f57ab8-88af-467b-b552-561170f226dc,MX
5a860ff2-2b67-4086-b6d2-66181bfc7b71,US
d38c0bef-55b3-4b63-9073-3d0ac803a9d8,MX
f5b0aa35-3b80-49ad-bc7a-ed673cc49eab,MX
c1cc6f23-969a-4cbe-a78c-f5f96b53820f,MX
78d88612-991e-4e84-953e-8e378db07151,CA
7403d478-dc06-49c0-a87b-610797d69c67,CA
c99e2a2d-7a21-4bf3-ab26-c7f2ee5f2d29,MX
c141ee20-f768-4ce7-afea-c0749f319ea6,MX
fe1eab83-e5ff-4a5c-8852-b6dad9c5b721,CA
69fa3701-d951-4cf8-a778-29929fed6060,US
6c6c7739-5e48-407e-ba71-a12fc935e1ef,MX
2f487627-77cb-4b83-bfa9-ec89182e697f,US
4e5c2692-253b-4998-bbe0-d798d959c7ea,CA
b17beeab-1d5f-49b5-a89d-7456b320fef1,US
ac9a9eef-2a37-440a-9934-2ff2a60d3386,US
57f1e317-a42e-4cb4-bfa2-3cef3ff8bb74,US
ea86071c-ae45-4cf1-852c-06e1001dd360,CA
7fc014ea-5019-473e-a87a-a78bb1483d53,US
1f1581d3-44ba-4cf3-8c18-593dc914bc07,US
77cf860b-6bdf-4fda-9c97-e102213300d3,MX
9cd671f9-6f5c-4f32-b252-9accb2d8e086,MX
8f425335-644a-47d1-9afe-d2a898a3cc3c,US
0b289119-1f59-423a-b22d-aec95d3a33ca,MX
da6e5eb3-281d-4ddf-8d6f-e07b5fc67f22,CA
e6f118b7-5a4b-46f7-911b-40a648cafbe4,MX
89eadc82-54b0-4cdd-9189-26b020b4ab06,CA
085290e5-62bb-402e-aa28-287cdd394b3a,US
3109d6a2-1d9b-403e-8b8e-90a8f0ea8640,US
8d869931-4246-46a6-a5fe-241582c725dc,CA
fbb0791c-245d-478e-8165-1b35bb1448de,US
3f939273-ab2c-42c3-9459-9b291ad08f83,US
3adf8f43-d885-4398-a786-60ca151c8594,MX
aeea351a-791e-45a3-b69f-182258d3c600,MX
1877f538-198c-402f-b90e-40f18f45937c,US
3527666d-79c1-484d-9654-a8c9fadaf183,US
f7f3b4f0-5648-400e-bdde-b09b24a6bd1a,MX
4e8193a3-a90f-47f0-977e-86e61f6c8696,CA
fc16ffd7-5699-4f68-a06c-7a05750d09c0,MX
4ea258dd-2afc-4f89-9cd2-c1fbe8d3e569,CA
90557f08-669c-4caa-b9fd-acc4e71295d7,MX
af7b051f-8e40-4e6d-8579-23c02e0f9e27,MX
d2c23ded-6b54-496b-a986-77e65fe063a9,MX
b692f70b-d94c-42af-96e4-74367fa0c976,CA
8bfd8684-2982-451a-8ed0-76c806ac1294,MX
7efb26e2-8571-42a4-b139-8ef4d666bb31,US
88b86d75-46e5-4c23-ade0-966dc174debf,MX
eb38254d-ce84-4663-930c-f922779c8fe0,MX
8b3c3399-dc3b-4807-be10-a55f1184ef83,CA
7843c5d4-2ad0-4683-83bf-30fcfafeed2b,US
525130a6-a4b6-4ce1-acab-49c9ecffa882,MX
23bf4a76-f097-4f71-a378-46d6fc63635b,CA
3e029215-fa8c-4313-a663-e5caa5c2f458,US
872c0f33-a2ce-48fe-b91f-a93227c3db62,US
e3d3f426-8087-42be-9130-8664b47cba32,MX
9f606a87-345e-4733-a82f-f062d0102e77,CA
ff89f17d-3366-4932-8bd1-be0c1b6444a8,CA
51bf60fc-2f10-48fe-8d91-c21390a6a915,US
544a74cb-e9dd-4c36-88e9-f71f8e63609c,MX
0d892bc5-7bc3-41e4-977b-e59cab0ea28a,US
1bd4058e-4905-4586-8e5a-77f81583727d,MX
0f5afd8b-13ba-4baf-a7f5-6c8ff53e4cbc,CA
ac2d7151-7c86-4dd8-897f-b181e6492aa1,CA
73d2274c-ad48-4068-a2bf-de7133674165,CA
d2f611ee-37ac-482b-9569-8c486e0071fd,CA
793fbf46-bd50-4c1b-8bc4-43e705fbf160,MX
badacfad-a5ab-4a27-83a8-2309a2c6914b,CA
7f188750-ab9e-42ba-aa78-5b7c013d66de,MX
3af328c8-9afd-4665-a3bb-b73616856097,CA
c64d5861-72b8-4f1a-bfee-c548f71bb287,MX
8387b6fe-9864-42e8-bed6-294dd8f7090d,US
c36a6b5f-e379-4771-8d14-c86c1a731158,MX
905f275b-42d7-4bf3-bfe3-9884893a0167,US
d333f226-ed50-4af9-a17d-659d168204f3,MX
043a6629-1d88-4962-8454-0e54688b41da,US
deb39d3a-4841-45bf-a342-504e6373b381,MX
f52c5c86-ec62-43cf-bc3d-47cea856cac6,CA
f99dc944-d3e8-4a18-a4d1-728decd2f7e2,MX
5df3d360-7979-4b2a-bc80-ac5014a3dc50,US
bc64c7d0-cc1b-4826-bf57-270110ad00c3,MX
d6890db7-af64-4083-be44-76c0d6bd4f12,MX
d4ff1c19-11eb-48f0-b6d1-038159b82718,MX
d3e62041-64f6-46c5-9610-2104c686052f,MX
1e805d76-a1ef-461e-8b5d-3bd8917a47ea,MX
a2e82d94-9195-4181-aff9-ab5f67a8e924,CA
ea10cdd2-2b60-48e4-b740-cded1d67d9e7,US
8f280845-e2df-45ab-ad89-c25b56d2c296,US
e4be294a-e944-4840-b9b5-82b289c68b8d,MX
a6a1e11a-bbb5-4f5e-add1-f354304e729d,MX
4f2f2c4c-1ee1-4e21-a736-532cdb487f52,CA
81e79290-08c5-4328-90e3-e860c097c26e,MX
114c050b-074d-49ef-b062-3fc017766be7,MX
64c48f4e-20af-434f-9440-72849f72ed0a,CA
0f6f488f-16ca-4aea-8cdd-c2ac0de15c10,CA
1cc4be71-1716-43b1-bbc9-cbe8bb159a4a,MX
8e09bcb0-b9be-4e17-984b-2a07bc155a12,MX
8f77a08e-23b8-4f30-ae40-7743b989978c,US
84a127cd-c068-418d-b4d5-7c7e4f5fa1a8,US
a7fae20f-d083-44b6-95e8-2d92d1ceb58a,CA
2af03995-4c6d-4860-b795-e2bb4f5266bd,US
e5b52f7b-1f31-43cf-b655-8ddcbfbebe3b,CA
2cbf6b5d-3c5e-4eba-835b-41be953a396d,CA
cd2c58e7-383e-40f7-bdf3-c137f4329e88,US
f1d210e0-b3a9-45f7-aa0f-06454a485b50,MX
551b11d3-5cff-4d00-924e-58796aff1f13,CA
d43bb2c9-1b55-4e83-ad41-11d22a20f180,MX
f7992cb8-2513-4c49-b691-73a24ae113ab,MX
a145bb16-f519-42fe-88c7-0db8e9a2a67b,MX
9b5dd914-dcab-44ae-bb8c-84ea0fe4edec,MX
7d94d0c6-83f1-4935-bf1b-fbb87d07f012,CA
dff4338a-f894-4b7e-a016-ff636446d7cd,MX
09af751c-e840-46a0-93da-83d8837d6caa,US
714f46fe-a6f0-46e5-b3fb-4765ddd90c83,MX
7b630e86-3504-41a0-aeb2-9a3cd81a2f12,CA
da1f5c9e-998a-43ee-9640-eeb4a5939c04,US
5d40b8bb-d48b-4886-aa4e-42c85b05e661,CA
57170ab2-ff82-4767-bc10-908abe330aae,MX
07875337-2195-4203-9b7d-0aafbd79fc38,MX
25723995-8317-4bc4-8784-693d11ec7bf1,CA
9463a02f-cb8a-4724-b775-be469f736f51,CA
e3cd60d9-6d60-41e1-b242-e3dac37d0c4f,US
ab61b560-813f-41fc-bd8e-79e132311d80,US
dd0d67cb-f2de-45c7-aabe-35d8954c8785,US
1998b740-f169-448a-8e2e-da38a02f93f3,MX
aa16175e-bbbd-4457-b68e-d9a8d938404b,US
f31aba25-85c8-465f-a24f-24b8898d76e9,MX
fc935543-bcc2-464d-9961-085bf4ed5cae,CA
9bf4d469-05b4-46b7-b45e-d9cf2ba82eab,US
794c3190-8316-4dd4-b432-a98156b9afad,CA
4bfe9fa0-b352-4354-8794-ec207ac82697,CA
cbe9f625-b441-4eb1-abf6-394ac412795b,MX
de357f73-da8a-4ae5-ba25-c70b67537b3c,MX
e9448cf8-57dc-41f4-9f08-9d600de34ba1,US
0f7a9e91-61c0-490f-b579-07590607f459,US
15cc4d9c-0fbf-4a53-a577-192f737a87b1,MX
604c2808-54d4-40fe-b39a-0bc181ee0a50,US
1b23a1ee-80da-420a-aaf1-10dc2ad8dfe0,US
e3951f4a-ae91-4f3a-b278-08665c1f393f,MX
32504c3f-6848-47d8-8fff-0f2b4bb308a9,US
ec448f54-f801-44ff-8797-df2bae207b66,CA
da31078c-9750-4b03-8b3e-ade4e33f6ec8,MX
c3e66fac-99db-41d5-a28e-bd89c159f531,US
604be857-c3f6-4ffd-bb8b-01bd7698c5f9,MX
2f38270e-3a59-4e81-8f42-5b8d973597dc,CA
e2bed68c-0898-4f5e-ae6d-6bd04b98ce88,CA
49db4087-9658-4b05-a06e-ec337a04f316,MX
aa011bad-803a-4462-b8bd-2231e7b445b6,US
6b4e1c76-cae6-4769-a30d-94b841bc6895,CA
7bce09ee-f415-4062-9e9b-f402a04262ee,CA
08e9b572-b2c6-42b2-892e-969abc30a6cb,US
4630b240-5e31-492d-8e60-f74a6eaf3f6b,CA
c26dd5b2-fba4-408d-9bd5-f8121e25b413,CA
816844af-4765-4cdd-88d7-0a579a564762,MX
d989af8f-746b-4d05-8bdd-112315e98e77,US
6923df87-07be-472f-a663-e7ea411016fb,MX
0c21a035-af08-4d5b-a850-9625c2a4a83e,US
fae60c21-7525-44d3-b503-bed70b1b1f78,CA
fb51ef17-e779-4825-b9da-d6f5394137a6,MX
d9c6fe4e-4d01-4dd7-9756-de2d280c5102,US
7230910f-aa4f-4a9a-87de-f992965bbc56,MX
05767265-900b-4da2-a467-49ba185888f3,MX
bc2e99cc-c9ac-4ab5-8aa9-0ec1ddcee047,CA
fd181a09-02a1-4472-959b-c6b3fde93de0,CA
0dd4632e-d262-4ae0-a24a-07bb009530cf,MX
6b7afd75-0148-4296-98e1-0cc4133ed58f,US
5d7d9d94-250e-4b75-bb90-81f1369e3167,MX
702b055b-4283-4072-b93c-14108b724dff,US
4923df06-478b-4d77-9105-2347e74c8f21,MX
9d7e6768-94bb-48d4-932a-19a583e22d19,MX
2817172a-00db-49b6-a8d0-66d3b2ea4425,MX
209d8286-e005-4b2e-b045-df2aa333c52e,CA
19a2e589-f95d-4d80-8444-c1930c37b6b8,CA
d78ec938-8523-409b-8434-4aa76ee496f1,MX
5ad4db64-e1de-4b95-9100-eef29d26bc9a,CA
c254ae04-43a2-4376-ac37-02663786dbe3,CA
73422b19-96ca-4c58-91ab-d0dbef82ec71,MX
f95b8f39-47c8-42c0-b0bc-ae842a346b76,US
03c5c8a5-5fef-4616-8345-427e952af5d1,CA
1301b9a1-1740-44be-b3a7-e75f9b6ef951,US
a2d1b1b9-f989-4a90-97fb-daf80d8b97e3,CA
a6e85b16-ecef-40ea-bea9-cbca941c754c,CA
873e9ff6-5fd8-4c05-a117-5b161bb03671,MX
08343e2c-8f60-48c0-ad6a-9a2e56dfd816,CA
3f4d756c-28f6-4293-8d9a-09e83882b317,US
9384520e-b0c0-4931-b738-1c6010b2ec83,CA
ad1411c6-68b8-49e7-945e-4540b269027c,CA
7d1d406c-00b3-4e6e-8f10-043ef2a96c92,MX
67e6311b-1432-4a64-8870-263167bd5e9b,MX
36160704-752d-465e-b5fd-7599f1f15aa0,MX
e3dcca52-a1fc-447c-9b01-34c3ff881cb7,US
c1d4b7d3-ad64-45af-9d09-f45effa03ee2,MX
0932c5f2-4724-46a4-8788-d3eae61c4bcc,MX
b56cf85c-df04-4a66-8c9b-9bb25ac6db43,US
fe8d5068-92a4-4698-86d0-3eda25647afc,MX
3a3deec5-d974-43b4-b4f3-839a90f74fcf,US
5caa75bd-2515-42d7-81f3-af7d8028e989,MX
4909dbe8-66d6-4c56-bfd6-6021625e64b1,US
3a3dae2e-5258-4f75-9ec7-b36ed6385272,US
1b44e404-8966-4f9a-a98d-b5e59a7129b8,US
454b880e-723a-49ae-b94c-8a4daeeeb79c,CA
b9b79611-f94c-4bba-8f4a-1cd4f72b737a,CA
966cc9ce-b79e-4d53-8477-075889691c2e,MX
64fd623e-701b-4c87-9398-430f62088671,CA
a3b894a6-23e9-4c52-9d38-f72970a47f7c,MX
499734ab-c1af-421d-8046-27bc6dc4bcf5,US
512afecf-14d8-4c6a-8cf8-33dec376bcd4,MX
7c076630-e0c9-4a8f-bbb9-edf161c445ba,MX
924ef149-faf4-4067-a091-2fa4ba9e7234,MX
72b54173-c950-452c-a2b1-5f16a823e705,CA
81a821d0-68fc-4ebb-a13b-7a96b4d916f3,CA
04c3afec-c9de-4f3e-8b05-ee27231d6f2f,MX
41688335-45b8-4de2-99b8-1851fc525532,US
05eca339-8265-45eb-a588-32658a723c49,US
ff317c6d-a9ee-4f03-bbda-3912ebdf8430,US
e55bcc3d-3011-4dcc-9fab-acdb8d04c83b,CA
0e4bf03c-4dfe-48d8-b1d1-8321d69ac468,MX
c78118bc-35cf-4da2-a1a9-a05b6968c7f4,MX
cc5d79be-f9af-4afb-84e3-d0d3305e0b28,MX
c3a16258-c334-4b30-add5-40367b22751c,MX
f9a9aaf7-10fe-4dc2-8976-fc3638538360,CA
199ee39a-c136-49e9-a37c-bb8de1287ada,US
ce2b56cd-6133-421b-9709-3a5cd89d7ced,US
9e5be8e8-2311-4858-a1e4-ceed52c288cf,US
2f1bc284-6a3f-4151-8fb2-39201af1d0f7,US
e0879f9a-876e-43a7-b46c-6f4bb10be5eb,MX
68c573b1-3977-4e78-9c97-1de9e78b52bc,MX
b499305a-f2a0-498d-a5dc-f56d8b23a1fe,US
f2f8c22a-6961-4083-bfc2-22dceda79f2e,CA
d54dc370-5399-4e7c-be46-3650f1d1b36a,CA
4000dfec-11f3-4ba9-bc1e-3b7a65749416,CA
f819b686-4235-408d-bbd3-221cf17de803,CA
a7214643-3a39-4a63-813a-57fe5a08301e,US
1f4a7555-2b3f-456d-9932-5f6e3867a1a0,MX
ccc1cf68-1b3b-4351-b5a5-8ad1c79909d9,US
4a194fa0-9433-4c2a-bd0e-2a835256a66b,MX
220c346c-587a-4e9e-a973-9109dc417614,CA
9623a80b-380a-4ff8-8611-0b697f57158b,US
a0dfba6f-57e3-49a4-b984-7e7acf443dc7,MX
5908c962-a73f-4654-bb4c-6840024f599e,US
8afbb241-8160-4412-85f2-163e8c24bc02,MX
c729a778-0bd5-434a-b0d9-cf8ecd27c018,MX
8bd29e43-1c32-4c5a-b588-0cc81e22f22e,US
e24fd9e3-79e9-42ab-8e7e-6d9fea33e31c,US
1f6e29d2-3d8c-42ad-813f-687ac7a4f3a5,CA
9770e964-7d4c-490a-8057-69027f48c2a8,US
79738952-415e-4c4d-9efa-7a6c116643e2,MX
c9bf2d8d-5f23-47b9-90e1-f0fd5299837f,CA
fadeee61-9105-410c-b597-d233af65b3e1,CA
2f958d3b-1a03-4591-8d00-d053d64d0833,CA
479df092-5b94-4fbb-a6db-49989cbea5c2,MX
6e6b3079-087e-41c5-a0bc-62c0782be269,CA
5a3f5f6c-59a4-489e-b363-d3c9bb317376,US
eca22c20-fda1-4bd5-b1c3-1e9e09352c7c,MX
b2d9dba4-29e4-4047-8e83-008966df5f8b,US
a5a0b8da-1dff-4ed1-aa76-e0f07690e445,MX
6b97ce20-a643-465f-a752-4fdc7c035eca,US
75577ced-f75a-4160-b052-c8fb47379a83,US
3d5d9a5a-f063-49d6-9e98-19c85f304d8f,US
bb15d38e-fea5-475c-b19e-9d8d97644aef,US
065005a4-575b-4e73-ae23-3231ba60d43a,CA
5328722a-279d-460d-b3bd-6dd89a3c3568,US
c95a2563-7af3-440f-82ef-f89d38f15a06,MX
c12e6e19-a99a-4a60-9c41-fda2f59a8af1,MX
731fa01d-3218-49d1-b059-74f565c0bc69,MX
ab8d5c25-b680-4f28-8142-c59fd30d2f9c,MX
d4f4d231-bd15-4526-bbfe-46575c0124ed,US
2573fc2f-613a-4663-8948-c652b0c88e82,US
9f2719ee-2187-4be0-9a5b-0ba305f9a018,US
fad892f2-92cd-4edf-91be-215d186442d3,MX
40f4803d-32d0-401d-b5b6-90fcc39eeb9b,MX
887860a7-491c-4c8a-b011-f58e9188d369,US
5215b2d0-73c9-4555-a49e-ac492fdcac1b,CA
ce90db67-371b-46ee-a10b-4c92897639ce,MX
aceb0928-1bed-4262-b861-e70e6bd0917e,MX
e341298c-04ea-4255-b3da-c82087d96ee3,US
1bad2cf8-8b1b-4a77-afc9-dfe51ac3c117,US
f71b4a7d-d7a0-4dd6-9b35-a0bfc307f40d,MX
03dec0d3-2eb1-47d1-b047-14ac1ee8d5d8,US
4c408d75-3b5c-4797-9547-658c612b14b8,CA
2fdadc09-42f5-4ae0-a2eb-4a2cc60ed950,US
6c9d91f8-dae9-4cb6-b53a-93fb601390a1,MX
3f6c57d3-931d-4b8b-bfca-c9d33b750170,MX
6bf3fa78-d906-4cb2-9f68-a9cd852f32a9,CA
1dafdd96-9093-400a-aab8-0fdfa9867fad,MX
ea89f44a-2f99-45d8-8a28-c6537110ea4e,US
c62b4c9b-f8fd-4c65-a7bf-08690db01683,CA
ab336254-6b31-4069-a8eb-53c5cfc6bc72,US
aaa91e47-e1ac-48d2-b7ec-00a176ab7b03,MX
b37cb315-6eae-4f4e-98af-d29c7c1b8ada,US
44e793f5-c0b7-4c28-8f28-ddb4962b6062,CA
a1d07e4c-8709-4544-a369-35a9b0eebc4a,CA
dfb333a9-a279-4dc7-a59b-4beb9092ab55,US
451267ce-abc1-4716-81de-be612fce4c1e,MX
98c95080-7dad-42d8-be89-d6d3063bcc89,MX
131a805b-f734-42e9-ad1e-95657c813eb9,US
41f6dcee-f462-4f04-b86b-8dc93a2f5482,MX
97f53d91-970b-49c4-b0de-bb889b5d556d,MX
3060bda0-26e4-4725-887d-cb5280771f50,CA
9f746a6e-ada6-41ca-a5b0-7d4d2d782733,US
635afeaa-264d-4f4a-a334-012c669c1afa,US
1f0540a1-aaf1-4164-b99b-ebc7f48958e4,CA
274d3f83-5be9-446d-b567-40c2a3298800,MX
704273b1-1c28-4159-9eba-6e3581afa801,US
93238c29-3fa1-4ce7-9f7f-41e66d0ea702,CA
4d7d2a25-a3e4-4dde-933b-5367b45b7af1,MX
c8ce4f1c-acd2-463b-9bbd-e6f1e1ae2573,MX
7dc54e35-4ce6-42c7-b6ee-a6315f9067b4,MX
c8057f00-3033-4a86-9f04-12fc42e70db3,US
33b920e2-92dc-4477-9583-7bd385f2e198,US
093543fb-e427-480c-971a-85f5d92616d0,CA
ff3c91c1-df7b-4060-9955-54a14a76abeb,CA
9f65bbc1-e763-49e0-8024-df0cea64cae6,MX
5f53609a-b668-4f27-b215-ba37ef3c9ec9,MX
69372509-6bec-4c5e-a81e-8cb473732ce4,US
4661d91a-eb20-461e-8308-cf924247108f,CA
b0efd01f-dc92-496a-bdad-143c69d1460b,US
b8db0530-43b0-4f19-91a9-482b0d494beb,US
f36936aa-4516-48f1-ba75-8f8f87374463,CA
9e49b821-6c70-4f7c-84ed-7a09b745bbcf,MX
5dbaa709-480f-4152-b0bc-a1ce8eaef6a0,CA
dc12efe4-257f-4734-96b7-790856c8f45d,MX
9e6870bb-e7bb-4183-8f8e-5140236840c8,MX
ba1757ce-fddb-4c03-90a9-38aa6403f520,CA
ee4908d0-3a45-48f1-addb-780b9c085770,MX
166cb7f8-48f9-4284-8b1b-8fccd7bc074f,MX
a588f09a-c1de-44be-8db7-cbbefc416aaa,US
a2f52e08-e73a-46bc-8286-7b5b643d5012,US
af5724df-1941-4632-af9a-c184da42d6f3,CA
21519d7b-d51e-40f9-bad3-9d2dc5ad3d75,MX
6cb08484-6cd0-4ee1-9020-3b94f3e7f8f7,MX
1e6912ae-7f36-49c4-af0d-f5620a8f2aaa,MX
4ad6247a-252e-4bb9-9b3a-3a3810dbc558,CA
af28c386-be70-4374-9d90-3b2a39cc2005,CA
14be12d0-fbb4-4301-99f9-898f91824ff5,US
2b8e6570-a414-4333-84b3-e747fc4111c0,CA
aa5b5a52-bff2-47be-aa78-3fd9cf25c477,MX
03a244a2-3091-4f64-87ce-0578d2836f76,CA
2c6c8cf4-6327-42a1-b9e2-8d06dc427f18,US
32b6fc6f-ec32-47d2-bb5e-ab7ee084ba63,MX
bc086e4b-b559-4795-9bb2-6d5228b26049,US
43d66161-06c2-4d36-81e1-08fe400b07e8,MX
bd66be90-fd12-48df-b5e0-fb280421a083,MX
53e3919a-a276-42b6-a5d1-3f88679916c7,CA
aebe454a-561e-4b91-a544-e09a993ea4dc,US
e67e64bc-310b-4c93-b3e7-1db200bafeaf,US
9859a55d-f6c4-4aec-bec5-23e877f3ebc2,CA
60b48558-62b8-4385-919b-18a3a1c487f0,US
d14953d8-28a0-4ec1-a005-0ca4ffe1bfb2,CA
4b7637b3-88e7-433a-85f1-0ba2db5536ac,US
fe32ecf2-42b2-46b7-abec-204333c0e11b,US
b1f633e1-82d3-46f9-8684-78de8bfc3883,MX
c8383fd9-836d-4556-ba20-19ac20ce8ec8,CA
35ca635f-0aa4-4ee1-ae45-d698cd3ac4b6,US
60379723-ddcd-4ec7-94eb-1a19586dfa29,US
21088c5a-44db-4201-afeb-ff74d8c1a8e2,US
85d58a31-bd6f-4857-adb6-68b8143cd507,MX
f5e4fef9-dce1-4c73-854d-4dbdfbbdf1eb,CA
5df6e6ac-7181-42d1-954b-8fdc10085a04,MX
f007b3fb-e0ca-49a8-b762-ce75d8eadd4b,US
40edf38a-92d9-4b27-9b06-ea7da6b3dcd6,US
256041e1-7100-4e23-8f08-57be994119f9,MX
97e2a218-cb07-4eae-9231-10c6be01959f,US
b28ebf39-0b08-4772-b772-47d73b77f3c3,US
eef9b10c-e3f4-4b0e-a825-f6fdd8d5b913,US
f9e0fd34-405a-41c9-b5fe-763a616528c5,CA
95404870-bc95-4a3f-ba86-9ea5eddb70ec,MX
14d0710b-b65b-4e4e-b60b-8f61429564d5,MX
2886a23e-df37-433a-bfb5-f26e5a4c712d,CA
a413e873-08c4-4eba-846e-fb49aa9176ca,MX
803c537e-ab9e-4af1-a0b3-e20afadc2160,MX
e11e0054-36e8-472d-94d0-b1f4a81f2dad,US
a624681e-0c30-41f8-befb-ddae506c51a3,MX
df792cd3-4229-4b94-9736-641a44611bcb,US
e0199ef9-2829-4825-a27c-a1fc916ef04b,CA
353a5428-180f-4dbc-bc92-748751c73f3a,US
6c308a5e-bfa9-4340-b95c-ddde824af460,US
7b47d237-a2b2-480c-9c8f-94de3d2b8033,US
9d44f4c0-e928-4c89-8749-71614f0a358b,US
2141f7e6-b686-400f-81f7-05b59740d0c0,US
6e521ee5-d634-4b98-a86a-dde0b4e7f6ce,US
ae12a3e5-beba-421a-891a-bd6d4919ea82,US
24c727bb-5feb-4c71-9ccf-053e0c84896e,MX
77ec024a-ddee-48e4-a3bd-45b6b02df0fd,US
c1154a59-19cc-4169-b9dc-9b738e9415eb,MX
f8d62ccc-b598-4120-a181-ac40596f3ca6,MX
9b7e2458-cd27-4e6b-b629-24a2506a2206,US
02fccbb8-91ab-4255-9b7a-049fa9b3139f,MX
6f972609-18bc-4f60-9665-7478c7e500c7,MX
c02f8fd2-e086-4097-b37e-0cd65268dc6a,MX
72c2cfaf-fe14-4fdc-adae-2d71fd607b9a,US
73ee15f2-c7ca-4d54-a7c2-1eaa890d3200,CA
2f94bfa2-f66a-4eeb-a2a1-0ead612a1833,CA
e6212d8f-4a04-4ef0-bf42-0d45abf257df,CA
cc84d313-cb03-4448-af5b-4fe67ce5870c,CA
1644b176-f46a-465c-8376-a32b1d1afff8,US
ac59ec15-64d8-4a16-b798-9308c7b51efc,US
a01991e4-676f-4863-9cf7-95e7f1aacdb5,MX
57822b0c-8e35-4480-bc0c-38043ba06187,US
3a0ead68-e954-4dee-af44-85a724cb6d67,MX
d25e474b-4f7d-4194-b7b6-b3a513267466,CA
03dd0309-7220-4d48-9d79-e9db208ecb99,CA
f6530e2a-4227-46ca-8724-80dc6958300e,CA
e93e450d-46c6-425c-8f7b-7fc2ba28b6e7,US
907b1b4d-38d9-4fde-9cd6-8d10b4574547,CA
264f2253-290a-405c-a8aa-fb836b7e1ff2,US
eecddfa9-700c-4b29-b6ff-63c565a8cfbd,CA
d77d9209-35af-4298-98fc-84ddd809a247,MX
481bbca5-5dc0-4a43-879e-f05f9c20ee5b,US
f99aa78f-cffa-4862-abbc-03192c339adb,MX
c39933b5-d32b-431f-825f-dfccacfb2e76,MX
a9be37af-5f7e-4afb-94bd-7c8c0d8c9d64,MX
67bf9ade-a99f-4d9c-a275-1ee908b78f24,CA
0f0cb83a-8177-4ea8-b558-fb88f860067b,MX
e49da5c6-503d-460e-a561-6a5cfdee47dc,MX
699018c0-464f-4fb4-8f8a-0744a8a24304,CA
da6527b3-e87f-4f09-8c5e-21edcde60bb8,US
b715124f-7379-4c4f-9fbc-bafbbe66acc0,US
0df9f984-f597-45c0-ba75-9e24c6cbb905,CA
f74ee085-c9cf-491e-9b15-fb91aa2a05ad,US
93197d13-7ad7-4d01-9a7c-f298ddb4d61c,MX
1018cba0-aad8-4706-bc01-59f4c1f98fae,MX
836e9cec-c977-4ceb-b98d-30039a681bef,MX
84b27679-6525-431a-b387-9927b7353fb8,MX
f6c5a270-76fb-4474-9443-e8212b5e0dea,CA
3df47869-8384-4458-b00c-1a809867688f,MX
c5a57ba8-9aac-433e-9f6c-4bee9a970f44,MX
ac427e43-0e01-46c4-9344-200f753ff705,MX
135b7d1b-1637-4cca-a2f7-6fefd5e28be3,MX
796697b9-9fa2-4559-a033-272b309fb444,CA
251420df-4120-498f-8403-0e13f413a32c,MX
e255e5b4-3aab-492d-8582-52674045fd3b,CA
09d6b1cd-f6af-4a5a-b09a-ac89fb005290,US
d6888b15-d1c8-4ce4-8757-88497b517df3,MX
7034d930-5c3f-4331-b3a4-4466ad73934f,CA
cd433953-c817-4ac9-94e6-1a789af0e93c,US
2652e498-f259-4c03-888d-601ca0fce50d,US
b697211d-00c8-4c51-b4bd-cc82005662e8,MX
adb810fa-1575-421f-9e44-f426f0687eee,CA
0a290a4f-32d8-46a0-9f9e-919631794a29,US
f4bf66e7-70eb-43e1-9367-06ef5ba5a0de,US
47cbe953-630b-43c4-b94e-362fcdd1f341,MX
7ec88bf5-0488-4943-9a73-2433fc31d683,MX
33c1c08d-fc9d-4209-b3bf-5cc35ac719f6,US
c4b5d01d-1a29-4789-9275-497d876d96f8,US
8f9b308c-c612-40f4-92fa-47957321b377,CA
79124454-7ba8-4f87-bc88-3b6166067cd5,CA
d1b05ba9-e479-4526-bf90-6b65e1f9f0ae,US
e6b0151e-08c3-47a3-8576-8abd60a8038b,US
ed866acd-fe2d-4bba-aac7-c1598cdcf013,CA
4932cda4-548c-4a5e-a8b2-7f8c9262ef49,CA
1e0c411b-592c-4e56-8947-f9a65283114f,MX
1c1e6ae1-6bf5-412e-897c-fc2e58f4fd71,CA
6bad2614-dfc6-438c-81b7-ee28018abe4f,MX
6cd7d20d-8729-4ffa-9d03-0271af5f91f8,MX
f2bfcfc6-9216-4b25-af33-757c566d1402,CA
7c98ac16-72e7-438d-9906-32c065b49976,CA
76bb28fb-f318-4d93-8393-cea03710c6fc,US
6162a450-ab22-42bb-89f8-9918be77254d,US
1eb7d900-5e45-4044-afd5-d5d5057fb093,MX
c7fe592e-5d73-4170-aac1-c8aecace5d46,US
67848a04-fea3-4ac4-833d-3a626d370a62,US
64e8cff5-7d90-4d66-adf1-bb693a39ce6d,MX
7c45d872-3633-4f19-b303-78aa4194783f,US
559f4fe0-5884-4f48-a2a1-cd97b530cfba,US
671a3eb7-a470-4a59-9765-a6c819c348ed,CA
85dfaa70-9101-47e3-b1e9-33d034c74a03,CA
9c1487cb-4592-46ee-8dcc-8c8bec8d994c,US
e79d98de-e145-4f6e-bb2d-33fc5c9efcce,CA
efe46d74-fef4-43ab-aa86-a5fe3efee526,MX
5799760c-6aaa-4e6f-93b5-58981d5becb7,US
031e993f-1f60-43c5-ab53-64c9737f24b7,US
5a936d56-ab04-45c0-b56d-070d7cba1547,MX
77dc4ee5-80ab-43ef-8a8b-bfa06336d063,MX
05db9295-2f44-426e-9706-b91b5587f358,US
bd68829d-1597-4916-bc92-97dab806d260,MX
e59e3dd4-5867-4216-bfe3-2348fdfa4443,US
1604720e-ea15-4d36-84ac-19fc0f2fa601,US
f7caf969-8706-415c-86e1-e924ba54d05d,CA
10132e4a-1d62-40a3-9756-490bdc3aaf5a,MX
64ddefed-959a-4fc7-8b1a-9aa949250e58,MX
cec4c794-6f0e-4b99-93fb-5f61318cf857,MX
0f8969b0-41f2-453e-8773-7d1398467bab,CA
9715580a-e291-4909-aa81-18daddcc60c7,CA
5d90b3f6-4e9f-491d-a603-ca0a71dd8fb9,CA
d6b0ce97-7f5b-448a-bf84-e50d710ce9c2,US
3b45f106-7214-4647-ab7b-4101b5eeb101,MX
96eb7a8d-60cb-4e0d-be98-07ffb20be672,MX
c87dd125-a8ea-4bb5-88a6-6b4bace50980,MX
af61dcb7-dd94-4ed7-9c8b-84ad3b43848c,MX
0e30c415-d312-41ed-850d-958cef506858,CA
c8ce7423-de2c-49fd-9365-dd7bfff6c939,MX
549edadb-97fc-49ba-8cee-57e8557af866,MX
b55a9737-8fca-49ac-a2ad-9a16a577a9b7,MX
7a6427cd-f189-4ff1-95eb-28ec49d445a5,CA
11e38263-8df1-41d0-a5d2-ae994626f5aa,MX
9dd571a9-f485-414e-a048-883185980365,MX
ce01630f-4809-49b0-b007-1b785533b773,CA
a6612015-160c-4c26-8ac0-4071b3eaab81,US
d5f223cb-24a0-4390-a346-fd45d536c94f,MX
8591f70f-7f4c-4aa4-b964-e7437d1eb867,CA
42e4b43b-8f84-49f8-89eb-2a1744437ff7,US
56d23508-7ff3-47dc-87b3-9dd21b3013c3,CA
ea3e81bd-423e-4dd7-8eb5-893cae2fb28c,MX
42f0f778-ea62-4574-bbe5-e86a5258d92a,CA
9f15a386-4347-411a-be1f-2d6173904ea2,MX
bbb640ca-1661-414c-a0bc-441a7c855929,MX
b7ce7be2-9c11-47ab-9054-d04a2de373bb,MX
c7af48c3-e405-4ffb-90be-e09fce1d7f3b,MX
fc257095-5355-48f6-8909-9623f1522b60,US
fbac0a51-8c93-495b-ae09-c49cf0b16f65,US
8ec71def-6a24-45f1-a132-d86699c1ce5d,US
8962ea63-8485-4f36-8f83-7d7f21c79cad,US
37bd93b9-b0a1-4a6b-bb81-bb8717822db2,MX
46a8a205-4e5b-4d01-829c-51800cd80c34,US
62d26da3-3768-409b-9cf0-c5a2225eb48d,MX
04221d9f-8434-4441-9241-e0ea37bcc489,CA
d91f5baa-bf63-4447-aadf-6c87d024045e,US
ddd93f7e-c85d-4278-8bc3-baea2f477239,CA
1836c2f4-712d-480e-b710-78fc3727fbf2,MX
39f0dc07-d8af-4068-a9dd-68b01714c69f,CA
59f6c7b8-df37-4a1b-99bd-22297ef9365f,US
eefb583f-df28-44a0-828e-4ef90ca076a5,MX
fc9c8d3e-0661-4d02-835d-08c75898de00,CA
a93966fb-bc3c-4bad-b77d-77e70bdedea6,MX
196a94c9-334e-4a07-a3fe-9355dec777e1,MX
b8206e0d-1069-4d9b-9449-270708f59cdb,US
c00d4f75-8e8e-4d85-bf79-11906ea3ea8a,MX
ac18f531-fc16-42eb-bbae-d2ceb8f12a32,MX
f32168b8-137a-48bb-a14c-433670aa7b20,MX
5bbde4ff-4031-41ff-922a-3ac83697ccdc,US
3d2d41ce-8b36-4e04-8766-c07b57b13d19,US
36bad8e1-2114-4999-8f35-8e5ab5c8193e,CA
9b8fc579-6555-41b7-b5b8-2300c882b9cd,US
9d4a4748-4a6e-4d4a-b107-8fe779fc3040,MX
93f6ff6d-0a9e-43b2-bc1b-5aab7dc5b60f,US
1dae4fe2-6dcb-4b29-b7bc-66ab517ecf4e,US
4bbdc05c-7dda-4c91-bad5-158f9d2b7cac,US
0fb5c9cb-3105-404e-a70e-5051bae5c376,CA
67b3c190-7dca-47fb-8209-7da4252acfbf,US
37a445ab-12fe-40de-93cd-fec5f5ce50fc,CA
9ccfbc0b-655c-4c8b-997f-90c9e1811f18,US
ce60c000-793b-42f6-a688-97accde905a1,US
b537d34a-39d8-4f5d-a771-5f19a10bcca1,CA
12adad72-1daf-4837-8ed9-abde3c7932b7,CA
ba0577dc-7006-45a4-a1a6-fe23fc4276cf,CA
6ca7c803-d1cc-41cc-821b-7b298be16dec,US
d0a66272-c619-49b4-9258-825978126c27,CA
4de5b722-63a7-4e94-ab01-f721b2550501,CA
37eb4998-6bc8-469c-a9e2-8992de166fa1,US
55eaae7f-7d4e-4631-a255-a75dc7c0cab6,US
254eabd1-9133-42e4-8d19-80479e4410a6,MX
e6047903-1fa6-4662-9dda-524caf4ff769,US
b2288b55-279d-4235-b480-e9d697d0a352,MX
f37025e3-e445-4010-b08b-419e6ce5a355,MX
814600ae-c2a8-454e-a2ef-4fb07a54ff5f,US
21da587c-351f-48cc-96fe-b2fffef8db64,US
10079dd6-26a0-410e-95cb-d115e057b8e6,US
5ba59aca-ca52-4abf-83e8-1bd40905d702,MX
2a9cef60-81c5-470b-8137-6024ed789727,MX
d85d4b12-4409-4acd-96b7-e3c416089eb9,MX
bd222bb0-ea31-4a0c-971c-b11f34ecf21f,US
d6ee7f87-62ec-4786-bfb6-a9c4c9790380,US
43edec2e-9032-4a50-9eb1-95c822918c28,CA
90f6c760-b29a-4fcb-94b9-0a88ea05bc09,CA
72d2ac38-47a1-451b-a52e-5f23fabf1ef5,CA
c1ec2df5-d744-423e-b04e-46959097de36,CA
a95d9dd7-1dbc-4478-a01c-f97b40a7fdb3,MX
783cd02f-ae35-4d65-a98c-aef3eb8c628b,MX
48776f5d-e05e-412d-ac8c-d3cd16a093e6,MX
f274cca7-7205-4b1c-afe0-2ac512436272,US
2e2768cb-79af-46f6-91cf-954ca6c00abc,CA
0f403d47-bbab-4583-bd91-39d71efb8c7c,MX
c8abfcd3-224c-4252-be70-b7cf88186e6b,MX
0071882f-bac7-46a9-96a0-59f6cbbdd841,CA
8cf291a8-9ba6-4b67-9e06-cf787a0df9b9,MX
52aaf460-a186-4575-a7f2-791c0d23912d,MX
a319b7db-931e-4bd2-b607-2cfcebabb6ea,US
5000ac39-edd5-4147-80d1-50591cbb5cab,US
f3b401f0-8699-4bad-8a92-3b1b4935ceeb,US
17e66104-8745-495d-b678-923ec8e0c169,US
226ebaf2-ee14-45d0-a1ff-df22873ff78f,CA
009947bf-31ee-4eb2-b6ad-222eddaf225d,MX
9c6a5925-2947-487f-941e-af8483101540,US
657c9e49-7c2a-4650-9dcc-bbe7dee48cfb,MX
941b7982-ca8f-40bf-b287-bc64ecea7d58,MX
e713b76b-f9cd-49d2-8abf-650ff2d63190,MX
f08bc155-21c8-4a76-a825-bd3539d8f5b3,MX
2e435dde-f482-4ce7-a2c3-6052e8c458e5,US
009b57b1-0fc9-4780-a575-0b6ba822f767,MX
a535fb19-17d6-43f3-9460-7609e008ef25,US
d82f3130-3939-4a49-923d-71d60bb83dcb,US
2897accf-a535-457d-ae9b-3bd59adb219e,CA
5c3091dd-ef17-452f-8071-984d9dca15cf,MX
d768efc6-87f4-4f47-8a37-17828676d67e,MX
1bfd4ed3-404d-4b3a-a14e-5e57e0deec26,MX
a5b89399-ac1e-4692-be28-fe9710ff6876,MX
800a0670-37b2-48b0-99a6-78fcd4ae4005,CA
a60d1d88-a010-49e5-976b-2ad8d867cc17,US
abe898b7-1e8a-4d32-b491-c208420255b1,MX
c4e97dd7-002f-4984-b4c5-94066c592eaa,US
f5712062-e81d-4173-a149-d141ef3ee6c1,US
5ca86f82-b76f-4807-bdac-b8a2b0839486,MX
a3f0523b-7115-41a6-9c58-970b85ae6e9d,MX
f8f4df5d-fbcd-45cf-a54f-189a327e3a6c,MX
10b3c05a-5189-4b5e-851e-4a9aa4ffea5b,US
0f18a493-3eae-42db-8a13-3da82235d1ff,CA
526a49d7-013c-41a6-8fdc-50dd73512ceb,CA
73f632b5-eb38-4771-a05d-1a1f046ae9b6,MX
69a73449-7465-4247-b729-4d195b168b7e,US
f82c2878-cdfc-4bd0-9f0a-a735d2ac7916,US
ba29a6d2-fe0a-4e7f-ae2f-87a05e91b144,MX
0a759440-1d4a-4127-b1ed-80da26fa93ab,US
1d0e2574-c0c0-4523-a6d8-b1c2c266b163,US
09d28cab-8bbe-4ac4-a337-e661c5c03aee,MX
dca781a7-5084-4cd2-afa8-8647289a48fa,MX
a9f3fe36-2dd0-4a60-be48-e86b6ecd09e5,CA
66d4ced7-3d01-417a-aae4-126cd8634e8a,CA
6c760217-4fea-4bdc-aa59-971bd01578b9,US
0c0dbad6-5ffd-4273-b763-37f76b5245dc,MX
20cd07b0-6f4c-4815-978e-f930ac7b9d69,MX
4a49c82e-4b9a-4e31-ac1a-99961270331a,US
7b54f0d6-eaaf-433f-8513-a60b937cec00,MX
fe0b9942-8e6c-4052-833d-8c3a3c19355c,MX
90d269e3-0bc5-4d07-88b8-d80fd5fe2542,US
6734c806-3b9e-4ac0-93ff-4e1996a9af61,MX
75656bdb-9e4c-4b92-b15f-6d01badc2105,CA
ca968adb-0ea6-4bbe-a330-fee40962bc97,US
dfa577d2-8bfe-40a1-a869-dd8a2d762f8d,MX
0bbeb873-5aa8-4b83-ab27-005cea770f49,CA
e9973313-d074-4834-819a-ca6bbf552357,US
15aa9c01-a192-4e29-97b1-a320a3daf187,CA
8f2b412f-1514-4e87-ae20-5f5a11ae26e5,CA
1eb3ff0a-2196-47c5-ae20-06d3203581dc,MX
98a70e5d-3c00-4eda-b077-98c7b5ba807e,MX
ae6bb1c8-7fd2-473f-90fb-e866e58fa39b,US
034444ea-7453-4e83-8f44-947b00e87e41,CA
8ffcb3ec-c767-4940-983f-6abc0ebebb7f,US
6148ed5f-a6ac-4e92-b9ef-61deea01b0c8,MX
3203bcde-c7be-4b0c-87a2-19fcfd350cce,US
5e1ef1a7-6190-44e5-ad1a-3571c050c1b9,MX
3b057f61-1e77-4464-9d09-239bc995a78b,CA
ed7d061e-65a2-4203-a316-08d9c060e4e6,US
f4f33cde-849a-4754-b5d0-bb7104c75f01,CA
1defc29f-c977-47e1-bb30-ff4eec2e450b,MX
46cf04d0-d3a3-450a-af0e-7760d43dc51a,MX
f775df12-55e5-461c-9a6f-e7740541b94f,US
d88fb13b-89fc-44ca-bf51-d8f8998c9807,CA
5368a929-a54f-46bc-a51d-d41440bdb678,CA
ce3d7a0c-5848-41f5-9236-762eca94f1b3,MX
f690f323-492a-4056-9d9c-9b8dbc769410,CA
a1e9e972-491c-4bbb-ba5a-fbdec1fd0582,MX
e3cc14cc-2366-446e-b862-ab2ed087329c,US
148e8b2f-d3cb-4285-8ff3-d9be93a906a7,MX
023b97d3-4040-4321-a9c1-31cfcea32b64,MX
599f5d1c-dd02-44e9-9c2b-9ea9169f50e1,CA
104f28e9-b793-4d3f-8704-f32dfb620332,MX
fbce05c4-1f3e-4e34-95e0-c9b8c320f373,MX
14c278e1-d7f0-4c80-b4b8-6225b070180f,CA
d592be69-9d6a-4fe7-b155-6e3e70b23600,CA
a394c7b4-0c91-4a6b-bf23-ce05e06b08e3,CA
61835bf7-bfdd-4015-86d5-d5b8aa6092df,MX
92711c0a-75e1-4876-a6cd-c4ba00336df9,CA
1eca789f-8368-41bc-8cb5-71ce92c6df52,US
f997766e-4e77-444e-b0c8-0d5b8fa2bdc8,US
4cee514b-81fe-447c-a8c7-d159e2d7b520,US
c0eb6029-c508-4a56-9182-a8fad6a085c5,CA
1d8e3b19-7613-4c81-ac55-05af939e700d,CA
c82c0b66-a90f-429e-aaa8-3d047d4b6f25,MX
5e7480a8-1762-41eb-a848-569b1abdb651,MX
a7935d90-abc7-4419-b889-a0fbdff23d30,MX
eb8c2650-99e7-4cf1-a964-45ddc0353045,US
a500a5b7-39b5-4a22-b751-7515a67e25ed,MX
7c6817f4-3d81-45eb-83f7-278584339ffb,CA
b1bb8839-efc7-46de-9716-96b035e887ad,US
dd9d17bf-f180-47f6-a527-d157a8961064,MX
bb5b9bf0-486d-4db9-a62b-6b3341fd23ef,CA
11d5924b-8e40-4b3d-8d03-a07aae6ff3d6,MX
97421d35-205f-4680-9d75-0733a433427d,CA
88819141-ef49-45d6-ab99-34dc09daf69b,MX
157c226b-f17d-4b89-9201-ac3c4a5f9e09,US
45fa54c6-f14a-407e-aa37-a1edf21f5a66,US
04e1f347-cb17-4278-8b9a-215ad87dbaaa,MX
b515f1b1-7897-464a-a5c1-936df890ff34,US
9b98f012-9343-4438-ac68-806035198dbc,US
